Name,Forcefield,Lipid,Software,Files
Wu2014_DMDG,charmm36,DMDG - DG(14:0/​​14:0/​​0:0),Charmm,"DMDG.pdb,  DMDG.str"
Wu2014_DNDG,charmm36,DNDG - DG(24:1(15Z)/​​24:1(15Z)/​​0:0),Charmm,"DNDG.pdb,  DNDG.str"
Wu2014_D1DG,charmm36,"D1DG - DG(16:3(7Z,10Z,13Z)/​​16:3(7Z,10Z,13Z)/​​0:0)",Charmm,"D1DG.pdb,  D1DG.str"
Wu2014_W1DG,charmm36,"W1DG - DG(18:3(9Z,12Z,15Z)/​​16:3(7Z,10Z,13Z)/​​0:0)",Charmm,"W1DG.pdb,  W1DG.str"
Wu2014_IWDG,charmm36,"IWDG - DG(18:2(9Z,12Z)/​18:3(9Z,12Z,15Z)/​0:0)",Charmm,"IWDG.pdb,  IWDG.str"
Wu2014_DPGK,charmm36,DPGK - PG(16:0/​16:0)-Lysyl,Charmm,"DPGK.pdb,  DPGK.str"
Klauda2012_PAPC,charmm36,"PAPC - PC(16:0/​​20:4(5Z,8Z,11Z,14Z))",Charmm,"PAPC.pdb,  PAPC.str"
Lim2011_M14C,charmm36,M14C - PC(16:0/​​15:0(14Me)),Charmm,"M14C.pdb,  M14C.str"
Lim2011_M13C,charmm36,M13C - PC(16:0/​​15:0(13Me)),Charmm,"M13C.pdb,  M13C.str"
Lim2011_D4MC,charmm36,"D4MC - PC(16:0(3Me,7Me,11Me,15Me)/​​16:0(3Me,7Me,11Me,15Me))",Charmm,"D4MC.pdb,  D4MC.str"
Klauda2012_ZSPC,charmm36,"ZSPC - PC(32:6(14Z,17Z,20Z,23Z,26Z,29Z)/​18:0)",Charmm,"ZSPC.pdb,  ZSPC.str"
Leonard2018_DPEC,charmm36,DPEC - PC(O-16:0/​O-16:0),Charmm,"DPEC.pdb,  DPEC.str"
Leonard2018_POEC,charmm36,POEC - PC(O-16:0/​​O-18:1(9Z)),Charmm,"POEC.pdb,  POEC.str"
Leonard2018_DOEC,charmm36,DOEC - PC(O-18:1(9Z)/​​O-18:1(9Z)),Charmm,"DOEC.pdb,  DOEC.str"
Leonard2018_DMEC,charmm36,DMEC - PC(O-14:0/​​O-14:0),Charmm,"DMEC.pdb,  DMEC.str"
Klauda2010_DEPE,charmm36,DEPE - PE(22:1(13Z)/​​22:1(13Z)),Charmm,"DEPE.pdb,  DEPE.str"
Klauda2010_DNPE,charmm36,DNPE - PE(24:1(15Z)/​​24:1(15Z)),Charmm,"DNPE.pdb,  DNPE.str"
Leonard2018_DPEE,charmm36,DPEE - PE(O-16:0/​​O-16:0),Charmm,"DPEE.pdb,  DPEE.str"
Leonard2018_POEE,charmm36,POEE - PE(O-16:0/​​​O-18:1(9Z)),Charmm,"POEE.pdb,  POEE.str"
Leonard2018_DOEE,charmm36,DOEE - PE(O-18:1(9Z)/​​​O-18:1(9Z)),Charmm,"DOEE.pdb,  DOEE.str"
Leonard2018_DMEE,charmm36,DMEE - PE(O-14:0/​​​O-14:0),Charmm,"DMEE.pdb,  DMEE.str"
Venable2013_DEPS,charmm36,DEPS - PS(22:1(13Z)/​​22:1(13Z)),Charmm,"DEPS.pdb,  DEPS.str"
Venable2013_DNPS,charmm36,DNPS - PS(24:1(15Z)/​​24:1(15Z)),Charmm,"DNPS.pdb,  DNPS.str"
Kang2014_DEPG,charmm36,DEPG - PG(22:1(13Z)/​​22:1(13Z)),Charmm,"DEPG.pdb,  DEPG.str"
Kang2014_DNPG,charmm36,DNPG - PG(24:1(15Z)/​​24:1(15Z)),Charmm,"DNPG.pdb,  DNPG.str"
Klauda2010_BMGP,charmm36,"BMGP - LBPA([18:1(9Z)/​0:0],[18:1(9Z)/​0:0])",Charmm,"BMGP.pdb,  BMGP.str"
Wu2014_SAI1,charmm36,"SAI1 - PIP[3'](18:0/​​20:4(5Z,8Z,11Z,14Z))",Charmm,"SAI1.pdb,  SAI1.str"
Wu2014_SAI2,charmm36,"SAI2 - PIP[4'](18:0/​​​20:4(5Z,8Z,11Z,14Z))",Charmm,"SAI2.pdb,  SAI2.str"
Wu2014_SAI3,charmm36,"SAI3 - PIP[5'](18:0/​​​20:4(5Z,8Z,11Z,14Z))",Charmm,"SAI3.pdb,  SAI3.str"
Wu2014_DMI1,charmm36,DMI1 - PIP[3'](14:0/​​14:0),Charmm,"DMI1.pdb,  DMI1.str"
Wu2014_DMI2,charmm36,DMI2 - PIP[4'](14:0/​​14:0),Charmm,"DMI2.pdb,  DMI2.str"
Wu2014_DMI3,charmm36,DMI3 - PIP[5'](14:0/​​14:0),Charmm,"DMI3.pdb,  DMI3.str"
Wu2014_POI2,charmm36,POI2 - PIP[4'](16:0/​18:1(9Z)),Charmm,"POI2.pdb,  POI2.str"
Wu2014_POI3,charmm36,POI3 - PIP[5'](16:0/​18:1(9Z)),Charmm,"POI3.pdb,  POI3.str"
Wu2014_PWI1,charmm36,"PWI1 - PIP[3'](16:0/​18:3(9Z,12Z,15Z))",Charmm,"PWI1.pdb,  PWI1.str"
Wu2014_PWI2,charmm36,"PWI2 - PIP[4'](16:0/​​18:3(9Z,12Z,15Z))",Charmm,"PWI2.pdb,  PWI2.str"
Wu2014_PWI3,charmm36,"PWI3 - PIP[5'](16:0/​​18:3(9Z,12Z,15Z))",Charmm,"PWI3.pdb,  PWI3.str"
Wu2014_PII1,charmm36,"PII1 - PIP[3'](16:0/​​18:2(9Z,12Z))",Charmm,"PII1.pdb,  PII1.str"
Wu2014_PII2,charmm36,"PII2 - PIP[4'](16:0/​​​18:2(9Z,12Z))",Charmm,"PII2.pdb,  PII2.str"
Wu2014_PII3,charmm36,"PII3 - PIP[5'](16:0/​​​18:2(9Z,12Z))",Charmm,"PII3.pdb,  PII3.str"
Wu2014_P3-OH_POI6,charmm36,"POI6 - PIP2[3',4'](16:0/​​18:1(9Z))",Charmm,"POI6.pdb,  POI6.str"
Wu2014_P4-OH_POI6,charmm36,"POI6 - PIP2[3',4'](16:0/​​18:1(9Z))",Charmm,"POI6.pdb,  POI6.str"
Wu2014_P3-OH_SAI6,charmm36,"SAI6 - PIP2[3',4'](18:0/​​20:4(5Z,8Z,11Z,14Z))",Charmm,"SAI6.pdb,  SAI6.str"
Wu2014_P4-OH_SAI6,charmm36,"SAI6 - PIP2[3',4'](18:0/​​20:4(5Z,8Z,11Z,14Z))",Charmm,"SAI6.pdb,  SAI6.str"
Wu2014_P4-OH_SAI4,charmm36,"SAI4 - PIP2[4',5'](18:0/​​​20:4(5Z,8Z,11Z,14Z))",Charmm,"SAI4.pdb,  SAI4.str"
Wu2014_P5-OH_SAI4,charmm36,"SAI4 - PIP2[4',5'](18:0/​​​20:4(5Z,8Z,11Z,14Z))",Charmm,"SAI4.pdb,  SAI4.str"
Wu2014_P3-OH_SAI5,charmm36,"SAI5 - PIP2[3',5'](18:0/​​​20:4(5Z,8Z,11Z,14Z))",Charmm,"SAI5.pdb,  SAI5.str"
Wu2014_P5-OH_SAI5,charmm36,"SAI5 - PIP2[3',5'](18:0/​​​20:4(5Z,8Z,11Z,14Z))",Charmm,"SAI5.pdb,  SAI5.str"
Wu2014_P3-OH_DMI6,charmm36,"DMI6 - PIP2[3',4'](14:0/​​​14:0)",Charmm,"DMI6.pdb,  DMI6.str"
Wu2014_P4-OH_DMI6,charmm36,"DMI6 - PIP2[3',4'](14:0/​​​14:0)",Charmm,"DMI6.pdb,  DMI6.str"
Wu2014_P4-OH_DMI4,charmm36,"DMI4 - PIP2[4',5'](14:0/​​​​14:0)",Charmm,"DMI4.pdb,  DMI4.str"
Wu2014_P5-OH_DMI4,charmm36,"DMI4 - PIP2[4',5'](14:0/​​​​14:0)",Charmm,"DMI4.pdb,  DMI4.str"
Wu2014_P3-OH_DMI5,charmm36,"DMI5 - PIP2[3',5'](14:0/​​​​14:0)",Charmm,"DMI5.pdb,  DMI5.str"
Wu2014_P5-OH_DMI5,charmm36,"DMI5 - PIP2[3',5'](14:0/​​​​14:0)",Charmm,"DMI5.pdb,  DMI5.str"
Wu2014_P4-OH_POI4,charmm36,"POI4 - PIP2[4',5'](16:0/​​​18:1(9Z))",Charmm,"POI4.pdb,  POI4.str"
Wu2014_P5-OH_POI4,charmm36,"POI4 - PIP2[4',5'](16:0/​​​18:1(9Z))",Charmm,"POI4.pdb,  POI4.str"
Wu2014_P3-OH_POI5,charmm36,"POI5 - PIP2[3',5'](16:0/​​​18:1(9Z))",Charmm,"POI5.pdb,  POI5.str"
Wu2014_P5-OH_POI5,charmm36,"POI5 - PIP2[3',5'](16:0/​​​18:1(9Z))",Charmm,"POI5.pdb,  POI5.str"
Wu2014_P3-OH_PWI6,charmm36,"PWI6 - PIP2[3',4'](16:0/​18:3(9Z,12Z,15Z))",Charmm,"PWI6.pdb,  PWI6.str"
Wu2014_P4-OH_PWI6,charmm36,"PWI6 - PIP2[3',4'](16:0/​18:3(9Z,12Z,15Z))",Charmm,"PWI6.pdb,  PWI6.str"
Wu2014_P4-OH_PWI4,charmm36,"PWI4 - PIP2[4',5'](16:0/​​18:3(9Z,12Z,15Z))",Charmm,"PWI4.pdb,  PWI4.str"
Wu2014_P5-OH_PWI4,charmm36,"PWI4 - PIP2[4',5'](16:0/​​18:3(9Z,12Z,15Z))",Charmm,"PWI4.pdb,  PWI4.str"
Wu2014_P3-OH_PWI5,charmm36,"PWI5 - PIP2[3',5'](16:0/​​18:3(9Z,12Z,15Z))",Charmm,"PWI5.pdb,  PWI5.str"
Wu2014_P5-OH_PWI5,charmm36,"PWI5 - PIP2[3',5'](16:0/​​18:3(9Z,12Z,15Z))",Charmm,"PWI5.pdb,  PWI5.str"
Wu2014_P3-OH_PII6,charmm36,"PII6 - PIP2[3',4'](16:0/​​18:2(9Z,12Z))",Charmm,"PII6.pdb,  PII6.str"
Wu2014_P4-OH_PII6,charmm36,"PII6 - PIP2[3',4'](16:0/​​18:2(9Z,12Z))",Charmm,"PII6.pdb,  PII6.str"
Wu2014_P4-OH_PII4,charmm36,"PII4 - PIP2[4',5'](10:0/​​​18:2(9Z,12Z))",Charmm,"PII4.pdb,  PII4.str"
Wu2014_P5-OH_PII4,charmm36,"PII4 - PIP2[4',5'](10:0/​​​18:2(9Z,12Z))",Charmm,"PII4.pdb,  PII4.str"
Wu2014_P3-OH_PII5,charmm36,"PII5 - PIP2[3',5'](16:0/​​​18:2(9Z,12Z))",Charmm,"PII5.pdb,  PII5.str"
Wu2014_P5-OH_PII5,charmm36,"PII5 - PIP2[3',5'](16:0/​​​18:2(9Z,12Z))",Charmm,"PII5.pdb,  PII5.str"
Wu2014_P3-OH_POI7,charmm36,"POI7 - PIP3[3',4',5'](16:0/​​18:1(9Z))",Charmm,"POI7.pdb,  POI7.str"
Wu2014_P4-OH_POI7,charmm36,"POI7 - PIP3[3',4',5'](16:0/​​18:1(9Z))",Charmm,"POI7.pdb,  POI7.str"
Wu2014_P5-OH_POI7,charmm36,"POI7 - PIP3[3',4',5'](16:0/​​18:1(9Z))",Charmm,"POI7.pdb,  POI7.str"
Wu2014_P3-OH_SAI7,charmm36,"SAI7 - PIP3[3',4',5'](18:0/​​​20:4(5Z,8Z,11Z,14Z))",Charmm,"SAI7.pdb,  SAI7.str"
Wu2014_P4-OH_SAI7,charmm36,"SAI7 - PIP3[3',4',5'](18:0/​​​20:4(5Z,8Z,11Z,14Z))",Charmm,"SAI7.pdb,  SAI7.str"
Wu2014_P5-OH_SAI7,charmm36,"SAI7 - PIP3[3',4',5'](18:0/​​​20:4(5Z,8Z,11Z,14Z))",Charmm,"SAI7.pdb,  SAI7.str"
Wu2014_P3-OH_DMI7,charmm36,"DMI7 - PIP3[3',4',5'](14:0/​​​14:0)",Charmm,"DMI7.pdb,  DMI7.str"
Wu2014_P4-OH_DMI7,charmm36,"DMI7 - PIP3[3',4',5'](14:0/​​​14:0)",Charmm,"DMI7.pdb,  DMI7.str"
Wu2014_P5-OH_DMI7,charmm36,"DMI7 - PIP3[3',4',5'](14:0/​​​14:0)",Charmm,"DMI7.pdb,  DMI7.str"
Wu2014_P3-OH_PWI7,charmm36,"PWI7 - PIP3[3',4',5'](16:0/​​18:3(9Z,12Z,15Z))",Charmm,"PWI7.pdb,  PWI7.str"
Wu2014_P4-OH_PWI7,charmm36,"PWI7 - PIP3[3',4',5'](16:0/​​18:3(9Z,12Z,15Z))",Charmm,"PWI7.pdb,  PWI7.str"
Wu2014_P5-OH_PWI7,charmm36,"PWI7 - PIP3[3',4',5'](16:0/​​18:3(9Z,12Z,15Z))",Charmm,"PWI7.pdb,  PWI7.str"
Wu2014_P3-OH_PII7,charmm36,"PII7 - PIP3[3',4',5'](16:0/​​​18:2(9Z,12Z))",Charmm,"PII7.pdb,  PII7.str"
Wu2014_P4-OH_PII7,charmm36,"PII7 - PIP3[3',4',5'](16:0/​​​18:2(9Z,12Z))",Charmm,"PII7.pdb,  PII7.str"
Wu2014_P5-OH_PII7,charmm36,"PII7 - PIP3[3',4',5'](16:0/​​​18:2(9Z,12Z))",Charmm,"PII7.pdb,  PII7.str"
Klauda2010_DEPA,charmm36,DEPA - PA(22:1(13Z)/​​22:1(13Z)),Charmm,"DEPA.pdb,  DEPA.str"
Klauda2010_DNPA,charmm36,DNPA - PA(24:1(15Z)/​​24:1(15Z)),Charmm,"DNPA.pdb,  DNPA.str"
Klauda2010_W1PA,charmm36,"W1PA - PA(18:3(9Z,12Z,15Z)/​​16:3(7Z,10Z,13Z))",Charmm,"W1PA.pdb,  W1PA.str"
Klauda2010_D1PA,charmm36,"D1PA - PA(​​16:3(7Z,10Z,13Z)/​​​​16:3(7Z,10Z,13Z))",Charmm,"D1PA.pdb,  D1PA.str"
Wu2014_-1_TMCL,charmm36,"TMCL - CL(1'-[14:0/​14:0],3'-[14:0/​14:0])",Charmm,"TMCL.pdb,  TMCL.str"
Wu2014_-2_TMCL,charmm36,"TMCL - CL(1'-[14:0/​14:0],3'-[14:0/​14:0])",Charmm,"TMCL.pdb,  TMCL.str"
Wu2014_-1_TYCL,charmm36,"TYCL - CL(1'-[16:1(9Z)/​16:1(9Z)],3'-[16:1(9Z)/​16:1(9Z)])",Charmm,"TYCL.pdb,  TYCL.str"
Wu2014_-2_TYCL,charmm36,"TYCL - CL(1'-[16:1(9Z)/​16:1(9Z)],3'-[16:1(9Z)/​16:1(9Z)])",Charmm,"TYCL.pdb,  TYCL.str"
Wu2014_-1_PTCL,charmm36,"PTCL - CL(1'-[16:0/​16:0(9Cp)],3'-[16:0/​16:0(9Cp)])",Charmm,"PTCL.pdb,  PTCL.str"
Wu2014_-2_PTCL,charmm36,"PTCL - CL(1'-[16:0/​16:0(9Cp)],3'-[16:0/​16:0(9Cp)])",Charmm,"PTCL.pdb,  PTCL.str"
Wu2014_-1_IWAC,charmm36,"IWAC - CL(1'-[18:2(9Z,12Z)/​18:3(9Z,12Z,15Z)],3'-[18:2(9Z,12Z)/​18:2(9Z,12Z)])",Charmm,"IWAC.pdb,  IWAC.str"
Wu2014_-2_IWAC,charmm36,"IWAC - CL(1'-[18:2(9Z,12Z)/​18:3(9Z,12Z,15Z)],3'-[18:2(9Z,12Z)/​18:2(9Z,12Z)])",Charmm,"IWAC.pdb,  IWAC.str"
Wu2014_-1_IWBC,charmm36,"IWBC - CL(1'-[18:3(9Z,12Z,15Z)/​18:2(9Z,12Z)],3'-[18:2(9Z,12Z)/​18:2(9Z,12Z)])",Charmm,"IWBC.pdb,  IWBC.str"
Wu2014_-2_IWBC,charmm36,"IWBC - CL(1'-[18:3(9Z,12Z,15Z)/​18:2(9Z,12Z)],3'-[18:2(9Z,12Z)/​18:2(9Z,12Z)])",Charmm,"IWBC.pdb,  IWBC.str"
Wu2014_-1_IWCC,charmm36,"IWCC - CL(1'-[18:2(9Z,12Z)/​18:2(9Z,12Z)],3'-[18:2(9Z,12Z)/​18:3(9Z,12Z,15Z)])",Charmm,"IWCC.pdb,  IWCC.str"
Wu2014_-2_IWCC,charmm36,"IWCC - CL(1'-[18:2(9Z,12Z)/​18:2(9Z,12Z)],3'-[18:2(9Z,12Z)/​18:3(9Z,12Z,15Z)])",Charmm,"IWCC.pdb,  IWCC.str"
Wu2014_-1_IWDC,charmm36,"IWDC - CL(1'-[18:2(9Z,12Z)/​18:2(9Z,12Z)],3'-[18:3(9Z,12Z,15Z)/​18:2(9Z,12Z)])",Charmm,"IWDC.pdb,  IWDC.str"
Wu2014_-2_IWDC,charmm36,"IWDC - CL(1'-[18:2(9Z,12Z)/​18:2(9Z,12Z)],3'-[18:3(9Z,12Z,15Z)/​18:2(9Z,12Z)])",Charmm,"IWDC.pdb,  IWDC.str"
Venable2014_CER4,charmm36,"CER4 - Cer(d18:2(4E,8E)(9Me)/​18:1(3E)(2OH))",Charmm,"CER4.pdb,  CER4.str"
Lim2012_CHNS,charmm36,CHNS - 17beta-methylandrost-5-en-3beta-ol,Charmm,"CHNS.pdb,  CHNS.str"
Pitman2004_CHNS,charmm36,CHNS - 17beta-methylandrost-5-en-3beta-ol,Charmm,"CHNS.pdb,  CHNS.str"
Lim2012D_CHSU,charmm36,CHSU - Cholesteryl hemisuccinate,Charmm,"CHSU.pdb,  CHSU.str"
Lim2012P_CHSU,charmm36,CHSU - Cholesteryl hemisuccinate,Charmm,"CHSU.pdb,  CHSU.str"
Wu2014_-1_PALM,charmm36,PALM - Palmitic acid - 16:0,Charmm,"PALM.pdb,  PALM.str"
Wu2014_0_PALM,charmm36,PALM - Palmitic acid - 16:0,Charmm,"PALM.pdb,  PALM.str"
Wu2014_-1_LAUR,charmm36,LAUR - Lauric acid - 12:0,Charmm,"LAUR.pdb,  LAUR.str"
Wu2014_0_LAUR,charmm36,LAUR - Lauric acid - 12:0,Charmm,"LAUR.pdb,  LAUR.str"
Wu2014_-1_MYRI,charmm36,MYRI - Myristic acid - 14:0,Charmm,"MYRI.pdb,  MYRI.str"
Wu2014_0_MYRI,charmm36,MYRI - Myristic acid - 14:0,Charmm,"MYRI.pdb,  MYRI.str"
Wu2014_-1_STEA,charmm36,STEA - Stearic acid - 18:0,Charmm,"STEA.pdb,  STEA.str"
Wu2014_0_STEA,charmm36,STEA - Stearic acid - 18:0,Charmm,"STEA.pdb,  STEA.str"
Wu2014_-1_ARAC,charmm36,ARAC - Arachidic acid - 20:0,Charmm,"ARAC.pdb,  ARAC.str"
Wu2014_0_ARAC,charmm36,ARAC - Arachidic acid - 20:0,Charmm,"ARAC.pdb,  ARAC.str"
Wu2014_-1_BEHE,charmm36,BEHE - Behenic acid - 22:0,Charmm,"BEHE.pdb,  BEHE.str"
Wu2014_0_BEHE,charmm36,BEHE - Behenic acid - 22:0,Charmm,"BEHE.pdb,  BEHE.str"
Wu2014_-1_TRIC,charmm36,TRIC - Tricosylic acid - 23:0,Charmm,"TRIC.pdb,  TRIC.str"
Wu2014_0_TRIC,charmm36,TRIC - Tricosylic acid - 23:0,Charmm,"TRIC.pdb,  TRIC.str"
Wu2014_-1_LIGN,charmm36,LIGN - Lignoceric acid - 24:0,Charmm,"LIGN.pdb,  LIGN.str"
Wu2014_0_LIGN,charmm36,LIGN - Lignoceric acid - 24:0,Charmm,"LIGN.pdb,  LIGN.str"
Wu2014_-1_ARAN,charmm36,"ARAN - Arachidonic acid - 20:4(5Z,8Z,11Z,14Z)",Charmm,"ARAN.pdb,  ARAN.str"
Wu2014_0_ARAN,charmm36,"ARAN - Arachidonic acid - 20:4(5Z,8Z,11Z,14Z)",Charmm,"ARAN.pdb,  ARAN.str"
Wu2014_-1_OLEI,charmm36,OLEI - Oleic acid - 18:1(9Z),Charmm,"OLEI.pdb,  OLEI.str"
Wu2014_0_OLEI,charmm36,OLEI - Oleic acid - 18:1(9Z),Charmm,"OLEI.pdb,  OLEI.str"
Wu2014_-1_MYRO,charmm36,MYRO - Myristoleic acid - 14:1(9Z),Charmm,"MYRO.pdb,  MYRO.str"
Wu2014_0_MYRO,charmm36,MYRO - Myristoleic acid - 14:1(9Z),Charmm,"MYRO.pdb,  MYRO.str"
Wu2014_-1_PALO,charmm36,PALO - cis-9-palmitoleic acid - 16:1(9Z),Charmm,"PALO.pdb,  PALO.str"
Wu2014_0_PALO,charmm36,PALO - cis-9-palmitoleic acid - 16:1(9Z),Charmm,"PALO.pdb,  PALO.str"
Wu2014_-1_EICO,charmm36,EICO - cis-gondoic acid - 20:1(11Z),Charmm,"EICO.pdb,  EICO.str"
Wu2014_0_EICO,charmm36,EICO - cis-gondoic acid - 20:1(11Z),Charmm,"EICO.pdb,  EICO.str"
Wu2014_-1_ERUC,charmm36,ERUC - cis-erucic acid - 22:1(13Z),Charmm,"ERUC.pdb,  ERUC.str"
Wu2014_0_ERUC,charmm36,ERUC - cis-erucic acid - 22:1(13Z),Charmm,"ERUC.pdb,  ERUC.str"
Wu2014_-1_NERV,charmm36,NERV - Nervonic acid - 24:1(15Z),Charmm,"NERV.pdb,  NERV.str"
Wu2014_0_NERV,charmm36,NERV - Nervonic acid - 24:1(15Z),Charmm,"NERV.pdb,  NERV.str"
Wu2014_-1_LINO,charmm36,"LINO - Linoleic acid - 18:2(9Z,12Z)",Charmm,"LINO.pdb,  LINO.str"
Wu2014_0_LINO,charmm36,"LINO - Linoleic acid - 18:2(9Z,12Z)",Charmm,"LINO.pdb,  LINO.str"
Wu2014_-1_HDTA,charmm36,"HDTA - 16:3(7Z,10Z,13Z)",Charmm,"HDTA.pdb,  HDTA.str"
Wu2014_0_HDTA,charmm36,"HDTA - 16:3(7Z,10Z,13Z)",Charmm,"HDTA.pdb,  HDTA.str"
Wu2014_-1_GLIN,charmm36,"GLIN - gamma-Linolenic acid - 18:3(6Z,9Z,12Z)",Charmm,"GLIN.pdb,  GLIN.str"
Wu2014_0_GLIN,charmm36,"GLIN - gamma-Linolenic acid - 18:3(6Z,9Z,12Z)",Charmm,"GLIN.pdb,  GLIN.str"
Wu2014_-1_ALIN,charmm36,"ALIN - alpha-Linolenic acid - 18:3(9Z,12Z,15Z)",Charmm,"ALIN.pdb,  ALIN.str"
Wu2014_0_ALIN,charmm36,"ALIN - alpha-Linolenic acid - 18:3(9Z,12Z,15Z)",Charmm,"ALIN.pdb,  ALIN.str"
Wu2014_-1_DGLA,charmm36,"DGLA - bishomo-gamma-linolenic acid - 20:3(8Z,11Z,14Z)",Charmm,"DGLA.pdb,  DGLA.str"
Wu2014_0_DGLA,charmm36,"DGLA - bishomo-gamma-linolenic acid - 20:3(8Z,11Z,14Z)",Charmm,"DGLA.pdb,  DGLA.str"
Wu2014_-1_ADRE,charmm36,"ADRE - Adrenic Acid - 22:4(7Z,10Z,13Z,16Z)",Charmm,"ADRE.pdb,  ADRE.str"
Wu2014_0_ADRE,charmm36,"ADRE - Adrenic Acid - 22:4(7Z,10Z,13Z,16Z)",Charmm,"ADRE.pdb,  ADRE.str"
Wu2014_-1_DCHA,charmm36,"DCHA - DHA - 22:6(4Z,7Z,10Z,13Z,16Z,19Z)",Charmm,"DCHA.pdb,  DCHA.str"
Wu2014_0_DCHA,charmm36,"DCHA - DHA - 22:6(4Z,7Z,10Z,13Z,16Z,19Z)",Charmm,"DCHA.pdb,  DCHA.str"
Wu2014_-1_STDA,charmm36,"STDA - Stearidonic acid - 18:4(6Z,9Z,12Z,15Z)",Charmm,"STDA.pdb,  STDA.str"
Wu2014_0_STDA,charmm36,"STDA - Stearidonic acid - 18:4(6Z,9Z,12Z,15Z)",Charmm,"STDA.pdb,  STDA.str"
Wu2014_-1_ECTE,charmm36,"ECTE - Bishomo-alpha-linolenic acid - 20:3(11Z,14Z,17Z)",Charmm,"ECTE.pdb,  ECTE.str"
Wu2014_0_ECTE,charmm36,"ECTE - Bishomo-alpha-linolenic acid - 20:3(11Z,14Z,17Z)",Charmm,"ECTE.pdb,  ECTE.str"
Wu2014_-1_MEAD,charmm36,"MEAD - ETrE(5Z, 8Z, 11Z) - 20:3(5Z, 8Z, 11Z)",Charmm,"MEAD.pdb,  MEAD.str"
Wu2014_0_MEAD,charmm36,"MEAD - ETrE(5Z, 8Z, 11Z) - 20:3(5Z, 8Z, 11Z)",Charmm,"MEAD.pdb,  MEAD.str"
Wu2014_-1_DCDA,charmm36,"DCDA - 13Z,16Z-docosadienoic acid - 22:2(13Z,16Z)",Charmm,"DCDA.pdb,  DCDA.str"
Wu2014_0_DCDA,charmm36,"DCDA - 13Z,16Z-docosadienoic acid - 22:2(13Z,16Z)",Charmm,"DCDA.pdb,  DCDA.str"
Wu2014_-1_ECPA,charmm36,"ECPA - EPA - 20:5(5Z,8Z,11Z,14Z,17Z)",Charmm,"ECPA.pdb,  ECPA.str"
Wu2014_0_ECPA,charmm36,"ECPA - EPA - 20:5(5Z,8Z,11Z,14Z,17Z)",Charmm,"ECPA.pdb,  ECPA.str"
Wu2014_-1_ECTA,charmm36,"ECTA - omega-3-Arachidonic acid - 20:4(8Z,11Z,14Z,17Z)",Charmm,"ECTA.pdb,  ECTA.str"
Wu2014_0_ECTA,charmm36,"ECTA - omega-3-Arachidonic acid - 20:4(8Z,11Z,14Z,17Z)",Charmm,"ECTA.pdb,  ECTA.str"
Wu2014_-1_TCTA,charmm36,"TCTA - 24:4(9Z,12Z,15Z,18Z)",Charmm,"TCTA.pdb,  TCTA.str"
Wu2014_0_TCTA,charmm36,"TCTA - 24:4(9Z,12Z,15Z,18Z)",Charmm,"TCTA.pdb,  TCTA.str"
Wu2014_-1_TCPT,charmm36,"TCPT - 24:5(6Z,9Z,12Z,15Z,18Z)",Charmm,"TCPT.pdb,  TCPT.str"
Wu2014_0_TCPT,charmm36,"TCPT - 24:5(6Z,9Z,12Z,15Z,18Z)",Charmm,"TCPT.pdb,  TCPT.str"
Wu2014_-1_TCPA,charmm36,"TCPA - 24:5(9Z,12Z,15Z,18Z,21Z)",Charmm,"TCPA.pdb,  TCPA.str"
Wu2014_0_TCPA,charmm36,"TCPA - 24:5(9Z,12Z,15Z,18Z,21Z)",Charmm,"TCPA.pdb,  TCPA.str"
Wu2014_-1_TCHA,charmm36,"TCHA - THA - 24:6(6Z,9Z,12Z,15Z,18Z,21Z)",Charmm,"TCHA.pdb,  TCHA.str"
Wu2014_0_TCHA,charmm36,"TCHA - THA - 24:6(6Z,9Z,12Z,15Z,18Z,21Z)",Charmm,"TCHA.pdb,  TCHA.str"
Wu2014_-1_HCPA,charmm36,"HCPA - 21:5(6Z,9Z,12Z,15Z,18Z)",Charmm,"HCPA.pdb,  HCPA.str"
Wu2014_0_HCPA,charmm36,"HCPA - 21:5(6Z,9Z,12Z,15Z,18Z)",Charmm,"HCPA.pdb,  HCPA.str"
Wu2014_-1_ECDA,charmm36,"ECDA - Dihomolinoleic acid - 20:2(11Z,14Z)",Charmm,"ECDA.pdb,  ECDA.str"
Wu2014_0_ECDA,charmm36,"ECDA - Dihomolinoleic acid - 20:2(11Z,14Z)",Charmm,"ECDA.pdb,  ECDA.str"
Wu2014_-1_DCPA,charmm36,"DCPA - DPA - 22:5(7Z,10Z,13Z,16Z,19Z)",Charmm,"DCPA.pdb,  DCPA.str"
Wu2014_0_DCPA,charmm36,"DCPA - DPA - 22:5(7Z,10Z,13Z,16Z,19Z)",Charmm,"DCPA.pdb,  DCPA.str"
Wu2014_-1_DCPT,charmm36,"DCPT - 22:5(4Z,7Z,10Z,13Z,16Z)",Charmm,"DCPT.pdb,  DCPT.str"
Wu2014_0_DCPT,charmm36,"DCPT - 22:5(4Z,7Z,10Z,13Z,16Z)",Charmm,"DCPT.pdb,  DCPT.str"
Wu2014_DSDG,charmm36,DSDG - DG(18:0/​18:0/​0:0)[rac],Charmm,"DSDG.pdb,  DSDG.str"
Wu2014_PODG,charmm36,PODG - DG(16:0/​18:1(9Z)/​0:0),Charmm,"PODG.pdb,  PODG.str"
Wu2014_DPDG,charmm36,DPDG - DG(16:0/​16:0/​0:0),Charmm,"DPDG.pdb,  DPDG.str"
Wu2014_DYDG,charmm36,DYDG - DG(16:1(9Z)/​16:1(9Z)/​0:0),Charmm,"DYDG.pdb,  DYDG.str"
Wu2014_PIDG,charmm36,"PIDG - DG(16:0/​​18:2(9Z,12Z)/​​0:0)",Charmm,"PIDG.pdb,  PIDG.str"
Wu2014_SODG,charmm36,SODG - DG(18:0/​18:1(9Z)/​0:0)[iso2],Charmm,"SODG.pdb,  SODG.str"
Wu2014_DODG,charmm36,DODG - DG(18:1(9Z)/​18:1(9Z)/​0:0),Charmm,"DODG.pdb,  DODG.str"
Wu2014_SIDG,charmm36,"SIDG - DG(18:0/​18:2(9Z,12Z)/​0:0)[iso2]",Charmm,"SIDG.pdb,  SIDG.str"
Wu2014_DWDG,charmm36,"DWDG - DG(18:3(9Z,12Z,15Z)/​18:3(9Z,12Z,15Z)/​0:0)",Charmm,"DWDG.pdb,  DWDG.str"
Wu2014_SADG,charmm36,"SADG - DG(18:0/​20:4(5Z,8Z,11Z,14Z)/​0:0)[iso2]",Charmm,"SADG.pdb,  SADG.str"
Wu2014_DGDG,charmm36,DGDG - DG(20:1(11Z)/​20:1(11Z)/​0:0),Charmm,"DGDG.pdb,  DGDG.str"
Wu2014_DADG,charmm36,"DADG - DG(20:4(5Z,8Z,11Z,14Z)/​20:4(5Z,8Z,11Z,14Z)/​0:0)",Charmm,"DADG.pdb,  DADG.str"
Wu2014_SUDG,charmm36,"SUDG - DG(18:0/​22:6(4Z,7Z,10Z,13Z,16Z,19Z)/​0:0)[iso2]",Charmm,"SUDG.pdb,  SUDG.str"
Wu2014_DEDG,charmm36,DEDG - DG(22:1(13Z)/​22:1(13Z)/​0:0),Charmm,"DEDG.pdb,  DEDG.str"
Wu2014_DLDG,charmm36,DLDG - DG(12:0/​12:0/​0:0)[iso2],Charmm,"DLDG.pdb,  DLDG.str"
Klauda2010_POPC,charmm36,POPC - PC(16:0/​18:1(9Z)),Charmm,"POPC.pdb,  POPC.str"
Klauda2010_DSPC,charmm36,DSPC - PC(18:0/​18:0),Charmm,"DSPC.pdb,  DSPC.str"
Klauda2010_DTPC,charmm36,DTPC - PC(10:0/​10:0),Charmm,"DTPC.pdb,  DTPC.str"
Klauda2010_D1PC,charmm36,D1PC - PC(11:0/​11:0),Charmm,"D1PC.pdb,  D1PC.str"
Klauda2010_DLPC,charmm36,DLPC - PC(12:0/​12:0),Charmm,"DLPC.pdb,  DLPC.str"
Klauda2010_DMPC,charmm36,DMPC - PC(14:0/​14:0),Charmm,"DMPC.pdb,  DMPC.str"
Klauda2010_D4PC,charmm36,D4PC - PC(14:1(9Z)/​14:1(9Z)),Charmm,"D4PC.pdb,  D4PC.str"
Klauda2010_DPPC,charmm36,DPPC - PC(16:0/​16:0),Charmm,"DPPC.pdb,  DPPC.str"
Klauda2010_PSPC,charmm36,PSPC - PC(16:0/​18:0),Charmm,"PSPC.pdb,  PSPC.str"
Klauda2010_PIPC,charmm36,"PIPC - PC(16:0/​18:2(9Z,12Z))",Charmm,"PIPC.pdb,  PIPC.str"
Klauda2010_DYPC,charmm36,DYPC - PC(16:1(9Z)/​16:1(9Z)),Charmm,"DYPC.pdb,  DYPC.str"
Klauda2010_YOPC,charmm36,YOPC - PC(16:1(9Z)/​18:1(9Z)),Charmm,"YOPC.pdb,  YOPC.str"
Klauda2010_SOPC,charmm36,SOPC - PC(18:0/​18:1(9Z)),Charmm,"SOPC.pdb,  SOPC.str"
Klauda2010_SIPC,charmm36,"SIPC - PC(18:0/​18:2(9Z,12Z))",Charmm,"SIPC.pdb,  SIPC.str"
Klauda2012_SAPC,charmm36,"SAPC - PC(18:0/​20:4(5Z,8Z,11Z,14Z))",Charmm,"SAPC.pdb,  SAPC.str"
Klauda2012_SUPC,charmm36,"SUPC - PC(18:0/​22:6(4Z,7Z,10Z,13Z,16Z,19Z))",Charmm,"SUPC.pdb,  SUPC.str"
Klauda2010_DOPC,charmm36,DOPC - PC(18:1(9Z)/​18:1(9Z)),Charmm,"DOPC.pdb,  DOPC.str"
Klauda2010_DIPC,charmm36,"DIPC - PC(18:2(9Z,12Z)/​18:2(9Z,12Z))",Charmm,"DIPC.pdb,  DIPC.str"
Klauda2010_DGPC,charmm36,DGPC - PC(20:1(11Z)/​20:1(11Z)),Charmm,"DGPC.pdb,  DGPC.str"
Klauda2012_DAPC,charmm36,"DAPC - PC(20:4(5Z,8Z,11Z,14Z)/​20:4(5Z,8Z,11Z,14Z))",Charmm,"DAPC.pdb,  DAPC.str"
Klauda2010_DEPC,charmm36,DEPC - PC(22:1(13Z)/​22:1(13Z)),Charmm,"DEPC.pdb,  DEPC.str"
Klauda2012_DUPC,charmm36,"DUPC - PC(22:6(4Z,7Z,10Z,13Z,16Z,19Z)/​22:6(4Z,7Z,10Z,13Z,16Z,19Z))",Charmm,"DUPC.pdb,  DUPC.str"
Klauda2010_DNPC,charmm36,DNPC - PC(24:1(15Z)/​24:1(15Z)),Charmm,"DNPC.pdb,  DNPC.str"
Klauda2010_66PC,charmm36,66PC - PC(6:0/​6:0),Charmm,"66PC.pdb,  66PC.str"
Klauda2010_77PC,charmm36,77PC - PC(7:0/​7:0),Charmm,"77PC.pdb,  77PC.str"
Klauda2010_IWPC,charmm36,"IWPC - PC(18:2(9Z,12Z)/​18:3(9Z,12Z,15Z))",Charmm,"IWPC.pdb,  IWPC.str"
Klauda2012_PUPC,charmm36,"PUPC - PC(16:0/​22:6(4Z,7Z,10Z,13Z,16Z,19Z))",Charmm,"PUPC.pdb,  PUPC.str"
West2020_SALC,charmm36,"SALC - PC(P-18:0/​20:4(5Z,8Z,11Z,14Z))",Charmm,"SALC.pdb,  SALC.str"
West2020_SOLC,charmm36,SOLC - PC(P-18:0/​18:1(9Z)),Charmm,"SOLC.pdb,  SOLC.str"
West2020_SULC,charmm36,"SULC - PC(P-18:0/​22:6(4Z,7Z,10Z,13Z,16Z,19Z))",Charmm,"SULC.pdb,  SULC.str"
Wu2014_LC12,charmm36,LC12 - PC(12:0/​0:0),Charmm,"LC12.pdb,  LC12.str"
Wu2014_LC14,charmm36,LC14 - PC(14:0/​0:0),Charmm,"LC14.pdb,  LC14.str"
Klauda2010_POPE,charmm36,POPE - PE(16:0/​18:1(9Z)),Charmm,"POPE.pdb,  POPE.str"
Klauda2010_PKPE,charmm36,PKPE - PE(16:0/​18:1(11Z)),Charmm,"PKPE.pdb,  PKPE.str"
Klauda2010_SOPE,charmm36,SOPE - PE(18:0/​18:1(9Z)),Charmm,"SOPE.pdb,  SOPE.str"
Klauda2010_DPPE,charmm36,DPPE - PE(16:0/​16:0),Charmm,"DPPE.pdb,  DPPE.str"
Klauda2010_PIPE,charmm36,"PIPE - PE(16:0/​18:2(9Z,12Z))",Charmm,"PIPE.pdb,  PIPE.str"
Klauda2010_SIPE,charmm36,"SIPE - PE(18:0/​18:2(9Z,12Z))",Charmm,"SIPE.pdb,  SIPE.str"
Klauda2010_DOPE,charmm36,DOPE - PE(18:1(9Z)/​18:1(9Z)),Charmm,"DOPE.pdb,  DOPE.str"
Klauda2012_DUPE,charmm36,"DUPE - PE(22:6(4Z,7Z,10Z,13Z,16Z,19Z)/​22:6(4Z,7Z,10Z,13Z,16Z,19Z))",Charmm,"DUPE.pdb,  DUPE.str"
Klauda2012_SUPE,charmm36,"SUPE - PE(18:0/​22:6(4Z,7Z,10Z,13Z,16Z,19Z))",Charmm,"SUPE.pdb,  SUPE.str"
Klauda2012_PUPE,charmm36,"PUPE - PE(16:0/​22:6(4Z,7Z,10Z,13Z,16Z,19Z))",Charmm,"PUPE.pdb,  PUPE.str"
Klauda2010_DSPE,charmm36,DSPE - PE(18:0/​18:0),Charmm,"DSPE.pdb,  DSPE.str"
Klauda2010_DLPE,charmm36,DLPE - PE(12:0/​12:0),Charmm,"DLPE.pdb,  DLPE.str"
Klauda2010_DYPE,charmm36,DYPE - PE(16:1(9Z)/​16:1(9Z)),Charmm,"DYPE.pdb,  DYPE.str"
Klauda2010_DIPE,charmm36,"DIPE - PE(18:2(9Z,12Z)/​18:2(9Z,12Z))",Charmm,"DIPE.pdb,  DIPE.str"
Klauda2012_SAPE,charmm36,"SAPE - PE(18:0/​20:4(5Z,8Z,11Z,14Z))",Charmm,"SAPE.pdb,  SAPE.str"
Klauda2010_DMPE,charmm36,DMPE - PE(14:0/​14:0),Charmm,"DMPE.pdb,  DMPE.str"
Klauda2010_IWPE,charmm36,"IWPE - PE(18:2(9Z,12Z)/​18:3(9Z,12Z,15Z))",Charmm,"IWPE.pdb,  IWPE.str"
Klauda2012_DAPE,charmm36,"DAPE - PE(20:4(5Z,8Z,11Z,14Z)/​20:4(5Z,8Z,11Z,14Z))",Charmm,"DAPE.pdb,  DAPE.str"
Klauda2010_DGPE,charmm36,DGPE - PE(20:1(11Z)/​20:1(11Z)),Charmm,"DGPE.pdb,  DGPE.str"
Klauda2010_OYPE,charmm36,OYPE - PE(18:1(9Z)/​16:1(9Z)),Charmm,"OYPE.pdb,  OYPE.str"
Klauda2010_YOPE,charmm36,YOPE - PE(16:1(9Z)/​18:1(9Z)),Charmm,"YOPE.pdb,  YOPE.str"
Klauda2010_PYPE,charmm36,PYPE - PE(16:0/​16:1(9Z)),Charmm,"PYPE.pdb,  PYPE.str"
Yu2018_PCPE,charmm36,PCPE - PE(16:0/​18:0(11Cp)),Charmm,"PCPE.pdb,  PCPE.str"
Pandit2012_PTPE,charmm36,PTPE - PE(16:0/​16:0(9Cp)),Charmm,"PTPE.pdb,  PTPE.str"
Pandit2012_QTPE,charmm36,QTPE - PE(15:0/​16:0(9Cp)),Charmm,"QTPE.pdb,  QTPE.str"
West2020_SALE,charmm36,"SALE - PE(P-18:0/​20:4(5Z,8Z,11Z,14Z))",Charmm,"SALE.pdb,  SALE.str"
West2020_SOLE,charmm36,SOLE - PE(P-18:0/​18:1(9Z)),Charmm,"SOLE.pdb,  SOLE.str"
Venable2013_POPS,charmm36,POPS - PS(16:0/​18:1(9Z)),Charmm,"POPS.pdb,  POPS.str"
Venable2013_SOPS,charmm36,SOPS - PS(18:0/​18:1(9Z)),Charmm,"SOPS.pdb,  SOPS.str"
Venable2013_DLPS,charmm36,DLPS - PS(12:0/​12:0),Charmm,"DLPS.pdb,  DLPS.str"
Venable2013_DMPS,charmm36,DMPS - PS(14:0/​14:0),Charmm,"DMPS.pdb,  DMPS.str"
Venable2013_DPPS,charmm36,DPPS - PS(16:0/​16:0),Charmm,"DPPS.pdb,  DPPS.str"
Venable2013_DOPS,charmm36,DOPS - PS(18:1(9Z)/​18:1(9Z)),Charmm,"DOPS.pdb,  DOPS.str"
Venable2013_SIPS,charmm36,"SIPS - PS(18:0/​18:2(9Z,12Z))",Charmm,"SIPS.pdb,  SIPS.str"
Venable2013_DSPS,charmm36,DSPS - PS(18:0/​18:0),Charmm,"DSPS.pdb,  DSPS.str"
Venable2013_SAPS,charmm36,"SAPS - PS(18:0/​20:4(5Z,8Z,11Z,14Z))",Charmm,"SAPS.pdb,  SAPS.str"
Venable2013_SUPS,charmm36,"SUPS - PS(18:0/​22:6(4Z,7Z,10Z,13Z,16Z,19Z))",Charmm,"SUPS.pdb,  SUPS.str"
Venable2013_IWPS,charmm36,"IWPS - PS(18:2(9Z,12Z)/​18:3(9Z,12Z,15Z))",Charmm,"IWPS.pdb,  IWPS.str"
Venable2013_DAPS,charmm36,"DAPS - PS(20:4(5Z,8Z,11Z,14Z)/​20:4(5Z,8Z,11Z,14Z))",Charmm,"DAPS.pdb,  DAPS.str"
Venable2013_DGPS,charmm36,DGPS - PS(20:1(11Z)/​20:1(11Z)),Charmm,"DGPS.pdb,  DGPS.str"
Venable2013_YOPS,charmm36,YOPS - PS(16:1(9Z)/​18:1(9Z)),Charmm,"YOPS.pdb,  YOPS.str"
Venable2013_OIPS,charmm36,"OIPS - PS(18:1(9Z)/​18:2(9Z,12Z))",Charmm,"OIPS.pdb,  OIPS.str"
Venable2013_DYPS,charmm36,DYPS - PS(16:1(9Z)/​16:1(9Z)),Charmm,"DYPS.pdb,  DYPS.str"
Venable2013_PIPS,charmm36,"PIPS - PS(16:0/​18:2(9Z,12Z))",Charmm,"PIPS.pdb,  PIPS.str"
Venable2013_DUPS,charmm36,"DUPS - PS(22:6(4Z,7Z,10Z,13Z,16Z,19Z)/​22:6(4Z,7Z,10Z,13Z,16Z,19Z))",Charmm,"DUPS.pdb,  DUPS.str"
Kang2014_DMPG,charmm36,DMPG - PG(14:0/​14:0),Charmm,"DMPG.pdb,  DMPG.str"
Kang2014_PKPG,charmm36,PKPG - PG(16:0/​18:1(11Z)),Charmm,"PKPG.pdb,  PKPG.str"
Kang2014_DLPG,charmm36,DLPG - PG(12:0/​12:0),Charmm,"DLPG.pdb,  DLPG.str"
Kang2014_SOPG,charmm36,SOPG - PG(18:0/​18:1(9Z)),Charmm,"SOPG.pdb,  SOPG.str"
Kang2014_DSPG,charmm36,DSPG - PG(18:0/​18:0),Charmm,"DSPG.pdb,  DSPG.str"
Kang2014_SAPG,charmm36,"SAPG - PG(18:0/​20:4(5Z,8Z,11Z,14Z))",Charmm,"SAPG.pdb,  SAPG.str"
Kang2014_SUPG,charmm36,"SUPG - PG(18:0/​22:6(4Z,7Z,10Z,13Z,16Z,19Z))",Charmm,"SUPG.pdb,  SUPG.str"
Kang2014_DAPG,charmm36,"DAPG - PG(20:4(5Z,8Z,11Z,14Z)/​20:4(5Z,8Z,11Z,14Z))",Charmm,"DAPG.pdb,  DAPG.str"
Kang2014_DGPG,charmm36,DGPG - PG(20:1(11Z)/​20:1(11Z)),Charmm,"DGPG.pdb,  DGPG.str"
Yu2018_YOPG,charmm36,YOPG - PG(16:1(9Z)/​18:1(9Z)),Charmm,"YOPG.pdb,  YOPG.str"
Kang2014_PYPG,charmm36,PYPG - PG(16:0/​16:1(9Z)),Charmm,"PYPG.pdb,  PYPG.str"
Kang2014_DYPG,charmm36,DYPG - PG(16:1(9Z)/​16:1(9Z)),Charmm,"DYPG.pdb,  DYPG.str"
Kang2014_SIPG,charmm36,"SIPG - PG(18:0/​18:2(9Z,12Z))",Charmm,"SIPG.pdb,  SIPG.str"
Kang2014_PIPG,charmm36,"PIPG - PG(16:0/​18:2(9Z,12Z))",Charmm,"PIPG.pdb,  PIPG.str"
Kang2014_DOPG,charmm36,DOPG - PG(18:1(9Z)/​18:1(9Z)),Charmm,"DOPG.pdb,  DOPG.str"
Kang2014_DPPG,charmm36,DPPG - PG(16:0/​16:0),Charmm,"DPPG.pdb,  DPPG.str"
Kang2014_POPG,charmm36,POPG - PG(16:0/​18:1(9Z)),Charmm,"POPG.pdb,  POPG.str"
Yu2018_PCPG,charmm36,PCPG - PG(16:0/​18:0(11Cp)),Charmm,"PCPG.pdb,  PCPG.str"
Pandit2012_PTPG,charmm36,PTPG - PG(16:0/​16:0(9Cp)),Charmm,"PTPG.pdb,  PTPG.str"
Wu2014_LG16,charmm36,LG16 - PG(16:0/​0:0),Charmm,"LG16.pdb,  LG16.str"
Wu2014_LG14,charmm36,LG14 - PG(14:0/​0:0),Charmm,"LG14.pdb,  LG14.str"
Wu2014_POPI,charmm36,POPI - PI(16:0/​18:1(9Z)),Charmm,"POPI.pdb,  POPI.str"
Wu2014_SAPI,charmm36,"SAPI - PI(18:0/​20:4(5Z,8Z,11Z,14Z))",Charmm,"SAPI.pdb,  SAPI.str"
Wu2014_PYPI,charmm36,PYPI - PI(16:0/​16:1(9Z)),Charmm,"PYPI.pdb,  PYPI.str"
Wu2014_DIPI,charmm36,"DIPI - PI(18:2(9Z,12Z)/​18:2(9Z,12Z))",Charmm,"DIPI.pdb,  DIPI.str"
Wu2014_PWPI,charmm36,"PWPI - PI(16:0/​18:3(9Z,12Z,15Z))",Charmm,"PWPI.pdb,  PWPI.str"
Wu2014_PIPI,charmm36,"PIPI - PI(16:0/​18:2(9Z,12Z))",Charmm,"PIPI.pdb,  PIPI.str"
Wu2014_DMPI,charmm36,DMPI - PI(14:0/​14:0),Charmm,"DMPI.pdb,  DMPI.str"
Wu2014_POI1,charmm36,POI1 - PIP[3'](16:0/​18:1(9Z)),Charmm,"POI1.pdb,  POI1.str"
Klauda2010_DWPA,charmm36,"DWPA - PA(18:3(9Z,12Z,15Z)/​18:3(9Z,12Z,15Z))",Charmm,"DWPA.pdb,  DWPA.str"
Klauda2010_PIPA,charmm36,"PIPA - PA(16:0/​18:2(9Z,12Z))",Charmm,"PIPA.pdb,  PIPA.str"
Klauda2012_SAPA,charmm36,"SAPA - PA(18:0/​20:4(5Z,8Z,11Z,14Z))",Charmm,"SAPA.pdb,  SAPA.str"
Klauda2010_DMPA,charmm36,DMPA - PA(14:0/​14:0),Charmm,"DMPA.pdb,  DMPA.str"
Klauda2010_DPPA,charmm36,DPPA - PA(16:0/​16:0),Charmm,"DPPA.pdb,  DPPA.str"
Klauda2010_DSPA,charmm36,DSPA - PA(18:0/​18:0),Charmm,"DSPA.pdb,  DSPA.str"
Klauda2010_DLPA,charmm36,DLPA - PA(12:0/​12:0),Charmm,"DLPA.pdb,  DLPA.str"
Klauda2010_POPA,charmm36,POPA - PA(16:0/​18:1(9Z)),Charmm,"POPA.pdb,  POPA.str"
Klauda2010_SIPA,charmm36,"SIPA - PA(18:0/​18:2(9Z,12Z))",Charmm,"SIPA.pdb,  SIPA.str"
Klauda2010_SOPA,charmm36,SOPA - PA(18:0/​18:1(9Z)),Charmm,"SOPA.pdb,  SOPA.str"
Klauda2012_SUPA,charmm36,"SUPA - PA(18:0/​22:6(4Z,7Z,10Z,13Z,16Z,19Z))",Charmm,"SUPA.pdb,  SUPA.str"
Klauda2010_IWPA,charmm36,"IWPA - PA(18:2(9Z,12Z)/​18:3(9Z,12Z,15Z))",Charmm,"IWPA.pdb,  IWPA.str"
Klauda2012_DAPA,charmm36,"DAPA - PA(20:4(5Z,8Z,11Z,14Z)/​20:4(5Z,8Z,11Z,14Z))",Charmm,"DAPA.pdb,  DAPA.str"
Klauda2010_DGPA,charmm36,DGPA - PA(20:1(11Z)/​20:1(11Z)),Charmm,"DGPA.pdb,  DGPA.str"
Klauda2010_YOPA,charmm36,YOPA - PA(16:1(9Z)/​18:1(9Z)),Charmm,"YOPA.pdb,  YOPA.str"
Klauda2010_DOPA,charmm36,DOPA - PA(18:1(9Z)/​18:1(9Z)),Charmm,"DOPA.pdb,  DOPA.str"
Klauda2010_DYPA,charmm36,DYPA - PA(16:1(9Z)/​16:1(9Z)),Charmm,"DYPA.pdb,  DYPA.str"
Klauda2010-1_POPP,charmm36,POPP - PPA(16:0/​18:1(9Z)),Charmm,"POPP.pdb,  POPP.str"
Klauda2010-2_POPP,charmm36,POPP - PPA(16:0/​18:1(9Z)),Charmm,"POPP.pdb,  POPP.str"
Klauda2010-3_POPP,charmm36,POPP - PPA(16:0/​18:1(9Z)),Charmm,"POPP.pdb,  POPP.str"
Klauda2010-1_DOPP,charmm36,DOPP - PPA(18:1(9Z)/​18:1(9Z)),Charmm,"DOPP.pdb,  DOPP.str"
Klauda2010-2_DOPP,charmm36,DOPP - PPA(18:1(9Z)/​18:1(9Z)),Charmm,"DOPP.pdb,  DOPP.str"
Klauda2010-3_DOPP,charmm36,DOPP - PPA(18:1(9Z)/​18:1(9Z)),Charmm,"DOPP.pdb,  DOPP.str"
Wu2014_-1_TICL,charmm36,"TICL - CL(1'-[18:2(9Z,12Z)/​18:2(9Z,12Z)],3'-[18:2(9Z,12Z)/​18:2(9Z,12Z)])",Charmm,"TICL.pdb,  TICL.str"
Wu2014_-2_TICL,charmm36,"TICL - CL(1'-[18:2(9Z,12Z)/​18:2(9Z,12Z)],3'-[18:2(9Z,12Z)/​18:2(9Z,12Z)])",Charmm,"TICL.pdb,  TICL.str"
Wu2014_-2_PKCL,charmm36,"PKCL - CL(1'-[16:0/​18:1(11Z)],3'-[16:0/​18:1(11Z)])",Charmm,"PKCL.pdb,  PKCL.str"
Wu2014_-1_TOCL,charmm36,"TOCL - CL(1'-[18:1(9Z)/​18:1(9Z)],3'-[18:1(9Z)/​18:1(9Z)])",Charmm,"TOCL.pdb,  TOCL.str"
Wu2014_-2_TOCL,charmm36,"TOCL - CL(1'-[18:1(9Z)/​18:1(9Z)],3'-[18:1(9Z)/​18:1(9Z)])",Charmm,"TOCL.pdb,  TOCL.str"
Wu2014_-1_IOAC,charmm36,"IOAC - CL(1'-[18:2(9Z,12Z)/​18:1(9Z)],3'-[18:2(9Z,12Z)/​18:2(9Z,12Z)])",Charmm,"IOAC.pdb,  IOAC.str"
Wu2014_-2_IOAC,charmm36,"IOAC - CL(1'-[18:2(9Z,12Z)/​18:1(9Z)],3'-[18:2(9Z,12Z)/​18:2(9Z,12Z)])",Charmm,"IOAC.pdb,  IOAC.str"
Wu2014_-1_IOCC,charmm36,"IOCC - CL(1'-[18:2(9Z,12Z)/​18:2(9Z,12Z)],3'-[18:2(9Z,12Z)/​18:1(9Z)])",Charmm,"IOCC.pdb,  IOCC.str"
Wu2014_-2_IOCC,charmm36,"IOCC - CL(1'-[18:2(9Z,12Z)/​18:2(9Z,12Z)],3'-[18:2(9Z,12Z)/​18:1(9Z)])",Charmm,"IOCC.pdb,  IOCC.str"
Venable2014_SOCE,charmm36,SOCE - Cer(d18:1/​18:1(9Z)),Charmm,"SOCE.pdb,  SOCE.str"
Venable2014_SPCE,charmm36,SPCE - Cer(d18:1/​16:0),Charmm,"SPCE.pdb,  SPCE.str"
Venable2014_DSCE,charmm36,DSCE - Cer(d18:1/​18:0),Charmm,"DSCE.pdb,  DSCE.str"
Venable2014_SJCE,charmm36,SJCE - Cer(d18:1/​20:0),Charmm,"SJCE.pdb,  SJCE.str"
Venable2014_SBCE,charmm36,SBCE - Cer(d18:1/​22:0),Charmm,"SBCE.pdb,  SBCE.str"
Venable2014_SNCE,charmm36,SNCE - Cer(d18:1/​24:1(15Z)),Charmm,"SNCE.pdb,  SNCE.str"
Venable2014_SXCE,charmm36,SXCE - Cer(d18:1/​24:0),Charmm,"SXCE.pdb,  SXCE.str"
Venable2014_CER6,charmm36,CER6 - Cer(t18:0/​24:0(2OH)),Charmm,"CER6.pdb,  CER6.str"
Venable2014_CER3,charmm36,CER3 - Cer(t18:0/​24:0),Charmm,"CER3.pdb,  CER3.str"
Venable2014_CER1,charmm36,CER1 - omega-linoleoyloxy-Cer(d18:1/​30:0),Charmm,"CER1.pdb,  CER1.str"
Venable2014_DSSM,charmm36,DSSM - SM(d18:1/​18:0),Charmm,"DSSM.pdb,  DSSM.str"
Venable2014_SPSM,charmm36,SPSM - SM(d18:1/​16:0),Charmm,"SPSM.pdb,  SPSM.str"
Venable2014_SJSM,charmm36,SJSM - SM(d18:1/​20:0),Charmm,"SJSM.pdb,  SJSM.str"
Venable2014_SBSM,charmm36,SBSM - SM(d18:1/​22:0),Charmm,"SBSM.pdb,  SBSM.str"
Venable2014_SNSM,charmm36,SNSM - SM(d18:1/​24:1(15Z)),Charmm,"SNSM.pdb,  SNSM.str"
Venable2014_SXSM,charmm36,SXSM - SM(d18:1/​24:0),Charmm,"SXSM.pdb,  SXSM.str"
Adams2018_DHSM,charmm36,DHSM - SM(d18:0/​24:1(15Z)),Charmm,"DHSM.pdb,  DHSM.str"
Venable2014_SOSM,charmm36,SOSM - SM(d18:1/​18:1(9Z)),Charmm,"SOSM.pdb,  SOSM.str"
Venable2014_S3SM,charmm36,S3SM - SM(d18:1/​23:0),Charmm,"S3SM.pdb,  S3SM.str"
Lim2012_CHOL,charmm36,CHOL - Cholesterol,Charmm,"CHOL.pdb,  CHOL.str"
Pitman2004_CHOL,charmm36,CHOL - Cholesterol,Charmm,"CHOL.pdb,  CHOL.str"
Lim2012_ERGO,charmm36,ERGO - Ergosterol,Charmm,"ERGO.pdb,  ERGO.str"
Lim2012_STIG,charmm36,STIG - Stigmasterol,Charmm,"STIG.pdb,  STIG.str"
Lim2012_SITO,charmm36,SITO - beta-sitosterol,Charmm,"SITO.pdb,  SITO.str"
Dickson2014_DOPC,Lipid14,DOPC - PC(18:1(9Z)/​18:1(9Z)),Amber,"DOPC.pdb,  DOPC.lib"
Feller2000_POPC,Charmm27,POPC - PC(16:0/​18:1(9Z)),Gromacs,"POPC.gro,  POPC.itp"
Klauda2010_LIGN,charmm36,LIGN - Lignoceric acid - 24:0,Gromacs,"LIGN.gro,  LIGN.itp"
Klauda2010_POPC,charmm36,POPC - PC(16:0/​18:1(9Z)),Gromacs,"POPC.gro,  POPC.itp"
Klauda2010_DLPC,charmm36,DLPC - PC(12:0/​12:0),Gromacs,"DLPC.gro,  DLPC.itp"
Klauda2010_DMPC,charmm36,DMPC - PC(14:0/​14:0),Gromacs,"DMPC.gro,  DMPC.itp"
Klauda2010_DPPC,charmm36,DPPC - PC(16:0/​16:0),Gromacs,"DPPC.gro,  DPPC.itp"
Klauda2010_PIPC,charmm36,"PIPC - PC(16:0/​18:2(9Z,12Z))",Gromacs,"PIPC.gro,  PIPC.itp"
Klauda2010_DYPC,charmm36,DYPC - PC(16:1(9Z)/​16:1(9Z)),Gromacs,"DYPC.gro,  DYPC.itp"
Klauda2010_YOPC,charmm36,YOPC - PC(16:1(9Z)/​18:1(9Z)),Gromacs,"YOPC.gro,  YOPC.itp"
Klauda2010_DOPC,charmm36,DOPC - PC(18:1(9Z)/​18:1(9Z)),Gromacs,"DOPC.gro,  DOPC.itp"
Klauda2010_DIPC,charmm36,"DIPC - PC(18:2(9Z,12Z)/​18:2(9Z,12Z))",Gromacs,"DIPC.gro,  DIPC.itp"
Klauda2010_IWPC,charmm36,"IWPC - PC(18:2(9Z,12Z)/​18:3(9Z,12Z,15Z))",Gromacs,"IWPC.gro,  IWPC.itp"
Klauda2010_POPE,charmm36,POPE - PE(16:0/​18:1(9Z)),Gromacs,"POPE.gro,  POPE.itp"
Klauda2010_DPPE,charmm36,DPPE - PE(16:0/​16:0),Gromacs,"DPPE.gro,  DPPE.itp"
Klauda2010_PIPE,charmm36,"PIPE - PE(16:0/​18:2(9Z,12Z))",Gromacs,"PIPE.gro,  PIPE.itp"
Klauda2010_DOPE,charmm36,DOPE - PE(18:1(9Z)/​18:1(9Z)),Gromacs,"DOPE.gro,  DOPE.itp"
Klauda2010_DYPE,charmm36,DYPE - PE(16:1(9Z)/​16:1(9Z)),Gromacs,"DYPE.gro,  DYPE.itp"
Klauda2010_DIPE,charmm36,"DIPE - PE(18:2(9Z,12Z)/​18:2(9Z,12Z))",Gromacs,"DIPE.gro,  DIPE.itp"
Klauda2010_IWPE,charmm36,"IWPE - PE(18:2(9Z,12Z)/​18:3(9Z,12Z,15Z))",Gromacs,"IWPE.gro,  IWPE.itp"
Klauda2010_YOPE,charmm36,YOPE - PE(16:1(9Z)/​18:1(9Z)),Gromacs,"YOPE.gro,  YOPE.itp"
Klauda2010_PYPE,charmm36,PYPE - PE(16:0/​16:1(9Z)),Gromacs,"PYPE.gro,  PYPE.itp"
Pandit2012_PCPE,charmm36,PCPE - PE(16:0/​18:0(11Cp)),Gromacs,"PCPE.gro,  PCPE.itp"
Venable2013_POPS,charmm36,POPS - PS(16:0/​18:1(9Z)),Gromacs,"POPS.gro,  POPS.itp"
Venable2013_IWPS,charmm36,"IWPS - PS(18:2(9Z,12Z)/​18:3(9Z,12Z,15Z))",Gromacs,"IWPS.gro,  IWPS.itp"
Venable2013_YOPS,charmm36,YOPS - PS(16:1(9Z)/​18:1(9Z)),Gromacs,"YOPS.gro,  YOPS.itp"
Kang2014_YOPG,charmm36,YOPG - PG(16:1(9Z)/​18:1(9Z)),Gromacs,"YOPG.gro,  YOPG.itp"
Kang2014_DPPG,charmm36,DPPG - PG(16:0/​16:0),Gromacs,"DPPG.gro,  DPPG.itp"
Kang2014_POPG,charmm36,POPG - PG(16:0/​18:1(9Z)),Gromacs,"POPG.gro,  POPG.itp"
Pandit2012_PCPG,charmm36,PCPG - PG(16:0/​18:0(11Cp)),Gromacs,"PCPG.gro,  PCPG.itp"
Wu2014_POPI,charmm36,POPI - PI(16:0/​18:1(9Z)),Gromacs,"POPI.gro,  POPI.itp"
Wu2014_PYPI,charmm36,PYPI - PI(16:0/​16:1(9Z)),Gromacs,"PYPI.gro,  PYPI.itp"
Wu2014_DIPI,charmm36,"DIPI - PI(18:2(9Z,12Z)/​18:2(9Z,12Z))",Gromacs,"DIPI.gro,  DIPI.itp"
Wu2014_PIPI,charmm36,"PIPI - PI(16:0/​18:2(9Z,12Z))",Gromacs,"PIPI.gro,  PIPI.itp"
Klauda2010_PIPA,charmm36,"PIPA - PA(16:0/​18:2(9Z,12Z))",Gromacs,"PIPA.gro,  PIPA.itp"
Klauda2010_POPA,charmm36,POPA - PA(16:0/​18:1(9Z)),Gromacs,"POPA.gro,  POPA.itp"
Klauda2010_IWPA,charmm36,"IWPA - PA(18:2(9Z,12Z)/​18:3(9Z,12Z,15Z))",Gromacs,"IWPA.gro,  IWPA.itp"
Klauda2010_YOPA,charmm36,YOPA - PA(16:1(9Z)/​18:1(9Z)),Gromacs,"YOPA.gro,  YOPA.itp"
Venable2014_SPCE,charmm36,SPCE - Cer(d18:1/​16:0),Gromacs,"SPCE.gro,  SPCE.itp"
Venable2014_SXCE,charmm36,SXCE - Cer(d18:1/​24:0),Gromacs,"SXCE.gro,  SXCE.itp"
Venable2014_DSSM,charmm36,DSSM - SM(d18:1/​18:0),Gromacs,"DSSM.gro,  DSSM.itp"
Venable2014_SPSM,charmm36,SPSM - SM(d18:1/​16:0),Gromacs,"SPSM.gro,  SPSM.itp"
Venable2014_SNSM,charmm36,SNSM - SM(d18:1/​24:1(15Z)),Gromacs,"SNSM.gro,  SNSM.itp"
Adams2018_DHSM,charmm36,DHSM - SM(d18:0/​24:1(15Z)),Gromacs,"DHSM.gro,  DHSM.itp"
Lim2012_CHOL,charmm36,CHOL - Cholesterol,Gromacs,"CHOL.gro,  CHOL.itp"
Lim2012_ERGO,charmm36,ERGO - Ergosterol,Gromacs,"ERGO.gro,  ERGO.itp"
Lim2012_STIG,charmm36,STIG - Stigmasterol,Gromacs,"STIG.gro,  STIG.itp"
Lim2012_SITO,charmm36,SITO - beta-sitosterol,Gromacs,"SITO.gro,  SITO.itp"
Emami2017_DIPC,gromos43a1-S3,"DIPC - PC(18:2(9Z,12Z)/​18:2(9Z,12Z))",Gromacs,"DIPC.gro,  DIPC.itp"
Emami2017_SPGC,gromos43a1-S3,SPGC - GlcCer(d18:1/​16:0),Gromacs,"SPGC.gro,  SPGC.itp"
Emami2017_SITO,gromos43a1-S3,SITO - beta-sitosterol,Gromacs,"SITO.gro,  SITO.itp"
vanEerden2015_OPGG,gromos53a6 deVries2012,OPGG - DGDG(18:1(9Z)/​​16:0),Gromacs,"OPGG.gro,  OPGG.itp"
vanEerden2015_OPMG,gromos53a6 deVries2012,OPMG - MGDG(18:1(9Z)/​​16:0),Gromacs,"OPMG.gro,  OPMG.itp"
vanEerden2015_OPSG,gromos53a6 deVries2012,OPSG - SQDG(18:1(9Z)/​​16:0),Gromacs,"OPSG.gro,  OPSG.itp"
vanEerden2015_WPMG,gromos53a6 deVries2012,"WPMG - MGDG(18:3(9Z,12Z,15Z)/​​16:0)",Gromacs,"WPMG.gro,  WPMG.itp"
vanEerden2015_DWGG,gromos53a6 deVries2012,"DWGG - DGDG(18:3(9Z,12Z,15Z)/​​18:3(9Z,12Z,15Z))",Gromacs,"DWGG.gro,  DWGG.itp"
vanEerden2015_WPGG,gromos53a6 deVries2012,"WPGG - DGDG(18:3(9Z,12Z,15Z)/​​16:0)",Gromacs,"WPGG.gro,  WPGG.itp"
vanEerden2015_WPSG,gromos53a6 deVries2012,"WPSG - SQDG(18:3(9Z,12Z,15Z)/​​16:0)",Gromacs,"WPSG.gro,  WPSG.itp"
vanEerden2015_OPPG,gromos53a6 deVries2012,OPPG - PG(18:1(9Z)/​​16:0),Gromacs,"OPPG.gro,  OPPG.itp"
vanEerden2015_3PPG,gromos53a6 deVries2012,3PPG - PG(16:1(3E)/​​16:0),Gromacs,"3PPG.gro,  3PPG.itp"
vanEerden2015_3WPG,gromos53a6 deVries2012,"3WPG - PG(16:1(3E)/​​18:3(9Z,12Z,15Z))",Gromacs,"3WPG.gro,  3WPG.itp"
vanEerden2015_DWMG,gromos53a6 deVries2012,"DWMG - MGDG(18:3(9Z,12Z,15Z)/​18:3(9Z,12Z,15Z))",Gromacs,"DWMG.gro,  DWMG.itp"
vanEerden2015_DPSG,gromos53a6 deVries2012,DPSG - SQDG(16:0/​16:0),Gromacs,"DPSG.gro,  DPSG.itp"
vanEerden2015_OPGG,martini 2.0,OPGG - DGDG(18:1(9Z)/​​16:0),Gromacs,"OPGG.gro,  OPGG.itp"
vanEerden2015_OPMG,martini 2.0,OPMG - MGDG(18:1(9Z)/​​16:0),Gromacs,"OPMG.gro,  OPMG.itp"
vanEerden2015_OPSG,martini 2.0,OPSG - SQDG(18:1(9Z)/​​16:0),Gromacs,"OPSG.gro,  OPSG.itp"
vanEerden2015_WPMG,martini 2.0,"WPMG - MGDG(18:3(9Z,12Z,15Z)/​​16:0)",Gromacs,"WPMG.gro,  WPMG.itp"
vanEerden2015_DWGG,martini 2.0,"DWGG - DGDG(18:3(9Z,12Z,15Z)/​​18:3(9Z,12Z,15Z))",Gromacs,"DWGG.gro,  DWGG.itp"
vanEerden2015_WPGG,martini 2.0,"WPGG - DGDG(18:3(9Z,12Z,15Z)/​​16:0)",Gromacs,"WPGG.gro,  WPGG.itp"
vanEerden2015_WPSG,martini 2.0,"WPSG - SQDG(18:3(9Z,12Z,15Z)/​​16:0)",Gromacs,"WPSG.gro,  WPSG.itp"
Wassenaar2015_PAPC,martini 2.0,"PAPC - PC(16:0/​​20:4(5Z,8Z,11Z,14Z))",Gromacs,"PAPC.gro,  PAPC.itp"
Wassenaar2015_PQPE,martini 2.0,"PQPE - PE(16:0/​​20:3(5Z,8Z,11Z))",Gromacs,"PQPE.gro,  PQPE.itp"
Wassenaar2015_PQPS,martini 2.0,"PQPS - PS(16:0/​​20:3(5Z,8Z,11Z))",Gromacs,"PQPS.gro,  PQPS.itp"
vanEerden2015_OPPG,martini 2.0,OPPG - PG(18:1(9Z)/​​16:0),Gromacs,"OPPG.gro,  OPPG.itp"
vanEerden2015_3PPG,martini 2.0,3PPG - PG(16:1(3E)/​​16:0),Gromacs,"3PPG.gro,  3PPG.itp"
vanEerden2015_3WPG,martini 2.0,"3WPG - PG(16:1(3E)/​​18:3(9Z,12Z,15Z))",Gromacs,"3WPG.gro,  3WPG.itp"
Ingólfsson2017_PAI1,martini 2.0,"PAI1 - PIP[3'](16:0/​​20:4(5Z,8Z,11Z,14Z))",Gromacs,"PAI1.gro,  PAI1.itp"
López2013_POI6,martini 2.0,"POI6 - PIP2[3',4'](16:0/​​18:1(9Z))",Gromacs,"POI6.gro,  POI6.itp"
Ingólfsson2014_POI6,martini 2.0,"POI6 - PIP2[3',4'](16:0/​​18:1(9Z))",Gromacs,"POI6.gro,  POI6.itp"
Ingólfsson2017_PAI6,martini 2.0,"PAI6 - PIP2[3',4'](16:0/​​​20:4(5Z,8Z,11Z,14Z))",Gromacs,"PAI6.gro,  PAI6.itp"
López2013_POI7,martini 2.0,"POI7 - PIP3[3',4',5'](16:0/​​18:1(9Z))",Gromacs,"POI7.gro,  POI7.itp"
Ingólfsson2014_POI7,martini 2.0,"POI7 - PIP3[3',4',5'](16:0/​​18:1(9Z))",Gromacs,"POI7.gro,  POI7.itp"
Ingólfsson2017_PAI7,martini 2.0,"PAI7 - PIP3[3',4',5'](16:0/​​​20:4(5Z,8Z,11Z,14Z))",Gromacs,"PAI7.gro,  PAI7.itp"
Ma2017_CJA1,martini 2.0,"CJA1 - Campylobacter jejuni lipid A - LipidA(GlcN(P/​N-14:0(3OH)/​14:0(3OH)),GlcN(N-14:0(3-16:0)/​N-14:0(3-16:0)/​P))",Gromacs,"CJA1.gro,  CJA1.itp"
Wassenaar2015_DPCE,martini 2.0,DPCE - Cer(d16:1/​​16:0),Gromacs,"DPCE.gro,  DPCE.itp"
Wassenaar2015_DXCE,martini 2.0,DXCE - Cer(d24:1/​​24:0),Gromacs,"DXCE.gro,  DXCE.itp"
Wassenaar2015_PNCE,martini 2.0,PNCE - Cer(d16:1/​​24:1),Gromacs,"PNCE.gro,  PNCE.itp"
Wassenaar2015_XNCE,martini 2.0,XNCE - Cer(d24:1/​​24:1),Gromacs,"XNCE.gro,  XNCE.itp"
Ingólfsson2017_DBCE,martini 2.0,DBCE - Cer(d22:1/​​​22:0),Gromacs,"DBCE.gro,  DBCE.itp"
Ingólfsson2017_POCE,martini 2.0,POCE - Cer(d16:1(4E)/​18:1(9Z)),Gromacs,"POCE.gro,  POCE.itp"
Wassenaar2015_DBSM,martini 2.0,DBSM - SM(d22:1/​​22:0),Gromacs,"DBSM.gro,  DBSM.itp"
Wassenaar2015_DXSM,martini 2.0,DXSM - SM(d24:1/​​24:0),Gromacs,"DXSM.gro,  DXSM.itp"
Wassenaar2015_BNSM,martini 2.0,BNSM - SM(d22:1/​​24:1),Gromacs,"BNSM.gro,  BNSM.itp"
Wassenaar2015_XNSM,martini 2.0,XNSM - SM(d24:1/​​24:1),Gromacs,"XNSM.gro,  XNSM.itp"
Ingólfsson2017_DBGS,martini 2.0,DBGS - GalCer(d22:1/​22:0),Gromacs,"DBGS.gro,  DBGS.itp"
Ingólfsson2017_DPGS,martini 2.0,DPGS - GalCer(d16:1/​​16:0),Gromacs,"DPGS.gro,  DPGS.itp"
Ingólfsson2017_PNGS,martini 2.0,PNGS - GalCer(d16:1/​​​24:1),Gromacs,"PNGS.gro,  PNGS.itp"
Ingólfsson2017_POGS,martini 2.0,POGS - GalCer(d16:1/​18:1(9Z)),Gromacs,"POGS.gro,  POGS.itp"
López2013_DPG1,martini 2.0,DPG1 - GM1(d16:1/​​16:0),Gromacs,"DPG1.gro,  DPG1.itp"
Gu2016_DPG1,martini 2.0,DPG1 - GM1(d16:1/​​16:0),Gromacs,"DPG1.gro,  DPG1.itp"
Ingólfsson2014_DPG1,martini 2.0,DPG1 - GM1(d16:1/​​16:0),Gromacs,"DPG1.gro,  DPG1.itp"
López2013_DXG1,martini 2.0,DXG1 - GM1(d24:1/​​24:0),Gromacs,"DXG1.gro,  DXG1.itp"
Ingólfsson2014_DXG1,martini 2.0,DXG1 - GM1(d24:1/​​24:0),Gromacs,"DXG1.gro,  DXG1.itp"
López2013_PNG1,martini 2.0,PNG1 - GM1(d16:1/​​24:1(15Z)),Gromacs,"PNG1.gro,  PNG1.itp"
Ingólfsson2014_PNG1,martini 2.0,PNG1 - GM1(d16:1/​​24:1(15Z)),Gromacs,"PNG1.gro,  PNG1.itp"
López2013_XNG1,martini 2.0,XNG1 - GM1(d24:1/​​24:1),Gromacs,"XNG1.gro,  XNG1.itp"
Ingólfsson2014_XNG1,martini 2.0,XNG1 - GM1(d24:1/​​24:1),Gromacs,"XNG1.gro,  XNG1.itp"
López2013_DPG3,martini 2.0,DPG3 - GM3(d16:1/​​16:0),Gromacs,"DPG3.gro,  DPG3.itp"
Ingólfsson2014_DPG3,martini 2.0,DPG3 - GM3(d16:1/​​16:0),Gromacs,"DPG3.gro,  DPG3.itp"
López2013_DXG3,martini 2.0,DXG3 - GM3(d24:1/​​24:0),Gromacs,"DXG3.gro,  DXG3.itp"
Ingólfsson2014_DXG3,martini 2.0,DXG3 - GM3(d24:1/​​24:0),Gromacs,"DXG3.gro,  DXG3.itp"
López2013_PNG3,martini 2.0,PNG3 - GM3(d16:1/​​24:1(15Z)),Gromacs,"PNG3.gro,  PNG3.itp"
Ingólfsson2014_PNG3,martini 2.0,PNG3 - GM3(d16:1/​​24:1(15Z)),Gromacs,"PNG3.gro,  PNG3.itp"
López2013_XNG3,martini 2.0,XNG3 - GM3(d24:1/​​24:1),Gromacs,"XNG3.gro,  XNG3.itp"
Ingólfsson2014_XNG3,martini 2.0,XNG3 - GM3(d24:1/​​24:1),Gromacs,"XNG3.gro,  XNG3.itp"
Ingólfsson2017_DBG1,martini 2.0,DBG1 - GM1(d22:1/​​​22:0),Gromacs,"DBG1.gro,  DBG1.itp"
Ingólfsson2017_DBG3,martini 2.0,DBG3 - GM3(d22:1/​​​22:0),Gromacs,"DBG3.gro,  DBG3.itp"
Ingólfsson2017_POG1,martini 2.0,POG1 - GM1(d16:1/​18:1(9Z)),Gromacs,"POG1.gro,  POG1.itp"
Ingólfsson2017_POG3,martini 2.0,POG3 - GM3(d16:1/​18:1(9Z)),Gromacs,"POG3.gro,  POG3.itp"
Ingólfsson2017_PXSU,martini 2.0,PXSU - (3'-sulfo)Galbeta-Cer(d16:1/​24:0),Gromacs,"PXSU.gro,  PXSU.itp"
Wassenaar2015_PODG,martini 2.0,PODG - DG(16:0/​18:1(9Z)/​0:0),Gromacs,"PODG.gro,  PODG.itp"
Ingólfsson2014_PODG,martini 2.0,PODG - DG(16:0/​18:1(9Z)/​0:0),Gromacs,"PODG.gro,  PODG.itp"
Wassenaar2015_PIDG,martini 2.0,"PIDG - DG(16:0/​​18:2(9Z,12Z)/​​0:0)",Gromacs,"PIDG.gro,  PIDG.itp"
Wassenaar2015_PADG,martini 2.0,"PADG - DG(16:0/​​20:4(5Z,8Z,11Z,14Z)/​​0:0)",Gromacs,"PADG.gro,  PADG.itp"
Wassenaar2015_PUDG,martini 2.0,"PUDG - DG(16:0/​​22:6(4Z,7Z,10Z,13Z,16Z,19Z)/​​0:0)",Gromacs,"PUDG.gro,  PUDG.itp"
Ingólfsson2014_PUDG,martini 2.0,"PUDG - DG(16:0/​​22:6(4Z,7Z,10Z,13Z,16Z,19Z)/​​0:0)",Gromacs,"PUDG.gro,  PUDG.itp"
vanEerden2015_DWMG,martini 2.0,"DWMG - MGDG(18:3(9Z,12Z,15Z)/​18:3(9Z,12Z,15Z))",Gromacs,"DWMG.gro,  DWMG.itp"
vanEerden2015_DPSG,martini 2.0,DPSG - SQDG(16:0/​16:0),Gromacs,"DPSG.gro,  DPSG.itp"
Wassenaar2015_POPC,martini 2.0,POPC - PC(16:0/​18:1(9Z)),Gromacs,"POPC.gro,  POPC.itp"
Ingólfsson2014_Z_POPC,martini 2.0,POPC - PC(16:0/​18:1(9Z)),Gromacs,"POPC.gro,  POPC.itp"
Ingólfsson2014_POPC,martini 2.0,POPC - PC(16:0/​18:1(9Z)),Gromacs,"POPC.gro,  POPC.itp"
Ingólfsson2017_Z_POPC,martini 2.0,POPC - PC(16:0/​18:1(9Z)),Gromacs,"POPC.gro,  POPC.itp"
Marrink2007_DPPC,martini 2.0,DPPC - PC(16:0/​16:0),Gromacs,"DPPC.gro,  DPPC.itp"
Ingólfsson2017_Z_DPPC,martini 2.0,DPPC - PC(16:0/​16:0),Gromacs,"DPPC.gro,  DPPC.itp"
Wassenaar2015_PIPC,martini 2.0,"PIPC - PC(16:0/​18:2(9Z,12Z))",Gromacs,"PIPC.gro,  PIPC.itp"
Ingólfsson2014_Z_PIPC,martini 2.0,"PIPC - PC(16:0/​18:2(9Z,12Z))",Gromacs,"PIPC.gro,  PIPC.itp"
Ingólfsson2017_PWPC,martini 2.0,"PWPC - PC(16:0/​18:3(9Z,12Z,15Z))",Gromacs,"PWPC.gro,  PWPC.itp"
Wassenaar2015_DOPC,martini 2.0,DOPC - PC(18:1(9Z)/​18:1(9Z)),Gromacs,"DOPC.gro,  DOPC.itp"
Ingólfsson2014_DOPC,martini 2.0,DOPC - PC(18:1(9Z)/​18:1(9Z)),Gromacs,"DOPC.gro,  DOPC.itp"
Ingólfsson2017_OIPC,martini 2.0,"OIPC - PC(18:1(9Z)/​18:2(9Z,12Z))",Gromacs,"OIPC.gro,  OIPC.itp"
Ingólfsson2017_OUPC,martini 2.0,"OUPC - PC(18:1(9Z)/​22:6(4Z,7Z,10Z,13Z,16Z,19Z))",Gromacs,"OUPC.gro,  OUPC.itp"
Wassenaar2015_DAPC,martini 2.0,"DAPC - PC(20:4(5Z,8Z,11Z,14Z)/​20:4(5Z,8Z,11Z,14Z))",Gromacs,"DAPC.gro,  DAPC.itp"
Wassenaar2015_PEPC,martini 2.0,"PEPC - PC(16:0/​20:2(11Z,14Z))",Gromacs,"PEPC.gro,  PEPC.itp"
Ingólfsson2014_PEPC,martini 2.0,"PEPC - PC(16:0/​20:2(11Z,14Z))",Gromacs,"PEPC.gro,  PEPC.itp"
Wassenaar2015_PUPC,martini 2.0,"PUPC - PC(16:0/​22:6(4Z,7Z,10Z,13Z,16Z,19Z))",Gromacs,"PUPC.gro,  PUPC.itp"
Ingólfsson2014_PUPC,martini 2.0,"PUPC - PC(16:0/​22:6(4Z,7Z,10Z,13Z,16Z,19Z))",Gromacs,"PUPC.gro,  PUPC.itp"
Wassenaar2015_P0PC,martini 2.0,P0PC - PC(16:0/​0:0),Gromacs,"P0PC.gro,  P0PC.itp"
Ingólfsson2014_P0PC,martini 2.0,P0PC - PC(16:0/​0:0),Gromacs,"P0PC.gro,  P0PC.itp"
Wassenaar2015_O0PC,martini 2.0,O0PC - PC(18:1(9Z)/​0:0),Gromacs,"O0PC.gro,  O0PC.itp"
Ingólfsson2014_O0PC,martini 2.0,O0PC - PC(18:1(9Z)/​0:0),Gromacs,"O0PC.gro,  O0PC.itp"
Wassenaar2015_I0PC,martini 2.0,"I0PC - PC(18:2(9Z,12Z)/​0:0)",Gromacs,"I0PC.gro,  I0PC.itp"
Ingólfsson2014_I0PC,martini 2.0,"I0PC - PC(18:2(9Z,12Z)/​0:0)",Gromacs,"I0PC.gro,  I0PC.itp"
Wassenaar2015_A0PC,martini 2.0,"A0PC - PC(20:4(5Z,8Z,11Z,14Z)/​0:0)",Gromacs,"A0PC.gro,  A0PC.itp"
Ingólfsson2014_A0PC,martini 2.0,"A0PC - PC(20:4(5Z,8Z,11Z,14Z)/​0:0)",Gromacs,"A0PC.gro,  A0PC.itp"
Wassenaar2015_U0PC,martini 2.0,"U0PC - PC(22:6(4Z,7Z,10Z,13Z,16Z,19Z)/​0:0)",Gromacs,"U0PC.gro,  U0PC.itp"
Ingólfsson2014_U0PC,martini 2.0,"U0PC - PC(22:6(4Z,7Z,10Z,13Z,16Z,19Z)/​0:0)",Gromacs,"U0PC.gro,  U0PC.itp"
Wassenaar2015_POPE,martini 2.0,POPE - PE(16:0/​18:1(9Z)),Gromacs,"POPE.gro,  POPE.itp"
Ingólfsson2014_POPE,martini 2.0,POPE - PE(16:0/​18:1(9Z)),Gromacs,"POPE.gro,  POPE.itp"
Marrink2007_DPPE,martini 2.0,DPPE - PE(16:0/​16:0),Gromacs,"DPPE.gro,  DPPE.itp"
Wassenaar2015_PIPE,martini 2.0,"PIPE - PE(16:0/​18:2(9Z,12Z))",Gromacs,"PIPE.gro,  PIPE.itp"
Ingólfsson2017_OIPE,martini 2.0,"OIPE - PE(18:1(9Z)/​18:2(9Z,12Z))",Gromacs,"OIPE.gro,  OIPE.itp"
Wassenaar2015_DOPE,martini 2.0,DOPE - PE(18:1(9Z)/​18:1(9Z)),Gromacs,"DOPE.gro,  DOPE.itp"
Ingólfsson2014_DOPE,martini 2.0,DOPE - PE(18:1(9Z)/​18:1(9Z)),Gromacs,"DOPE.gro,  DOPE.itp"
Wassenaar2015_DUPE,martini 2.0,"DUPE - PE(22:6(4Z,7Z,10Z,13Z,16Z,19Z)/​22:6(4Z,7Z,10Z,13Z,16Z,19Z))",Gromacs,"DUPE.gro,  DUPE.itp"
Ingólfsson2014_DUPE,martini 2.0,"DUPE - PE(22:6(4Z,7Z,10Z,13Z,16Z,19Z)/​22:6(4Z,7Z,10Z,13Z,16Z,19Z))",Gromacs,"DUPE.gro,  DUPE.itp"
Wassenaar2015_PUPE,martini 2.0,"PUPE - PE(16:0/​22:6(4Z,7Z,10Z,13Z,16Z,19Z))",Gromacs,"PUPE.gro,  PUPE.itp"
Ingólfsson2014_PUPE,martini 2.0,"PUPE - PE(16:0/​22:6(4Z,7Z,10Z,13Z,16Z,19Z))",Gromacs,"PUPE.gro,  PUPE.itp"
Wassenaar2015_PAPE,martini 2.0,"PAPE - PE(16:0/​20:4(5Z,8Z,11Z,14Z))",Gromacs,"PAPE.gro,  PAPE.itp"
Wassenaar2015_DAPE,martini 2.0,"DAPE - PE(20:4(5Z,8Z,11Z,14Z)/​20:4(5Z,8Z,11Z,14Z))",Gromacs,"DAPE.gro,  DAPE.itp"
Ingólfsson2017_OAPE,martini 2.0,"OAPE - PE(18:1(9Z)/​20:4(5Z,8Z,11Z,14Z))",Gromacs,"OAPE.gro,  OAPE.itp"
Ingólfsson2017_OUPE,martini 2.0,"OUPE - PE(18:1(9Z)/​22:6(4Z,7Z,10Z,13Z,16Z,19Z))",Gromacs,"OUPE.gro,  OUPE.itp"
Ingólfsson2017_P0PE,martini 2.0,P0PE - PE(16:0/​0:0),Gromacs,"P0PE.gro,  P0PE.itp"
Ingólfsson2017_I0PE,martini 2.0,"I0PE - PE(18:2(9Z,12Z)/​0:0)",Gromacs,"I0PE.gro,  I0PE.itp"
Wassenaar2015_POPS,martini 2.0,POPS - PS(16:0/​18:1(9Z)),Gromacs,"POPS.gro,  POPS.itp"
Ingólfsson2014_POPS,martini 2.0,POPS - PS(16:0/​18:1(9Z)),Gromacs,"POPS.gro,  POPS.itp"
Wassenaar2015_DPPS,martini 2.0,DPPS - PS(16:0/​16:0),Gromacs,"DPPS.gro,  DPPS.itp"
Wassenaar2015_PAPS,martini 2.0,"PAPS - PS(16:0/​20:4(5Z,8Z,11Z,14Z))",Gromacs,"PAPS.gro,  PAPS.itp"
Wassenaar2015_PUPS,martini 2.0,"PUPS - PS(16:0/​22:6(4Z,7Z,10Z,13Z,16Z,19Z))",Gromacs,"PUPS.gro,  PUPS.itp"
Ingólfsson2014_PUPS,martini 2.0,"PUPS - PS(16:0/​22:6(4Z,7Z,10Z,13Z,16Z,19Z))",Gromacs,"PUPS.gro,  PUPS.itp"
Ingólfsson2017_OUPS,martini 2.0,"OUPS - PS(18:1(9Z)/​22:6(4Z,7Z,10Z,13Z,16Z,19Z))",Gromacs,"OUPS.gro,  OUPS.itp"
Wassenaar2015_DAPS,martini 2.0,"DAPS - PS(20:4(5Z,8Z,11Z,14Z)/​20:4(5Z,8Z,11Z,14Z))",Gromacs,"DAPS.gro,  DAPS.itp"
Wassenaar2015_PIPS,martini 2.0,"PIPS - PS(16:0/​18:2(9Z,12Z))",Gromacs,"PIPS.gro,  PIPS.itp"
Wassenaar2015_DUPS,martini 2.0,"DUPS - PS(22:6(4Z,7Z,10Z,13Z,16Z,19Z)/​22:6(4Z,7Z,10Z,13Z,16Z,19Z))",Gromacs,"DUPS.gro,  DUPS.itp"
Ingólfsson2014_DUPS,martini 2.0,"DUPS - PS(22:6(4Z,7Z,10Z,13Z,16Z,19Z)/​22:6(4Z,7Z,10Z,13Z,16Z,19Z))",Gromacs,"DUPS.gro,  DUPS.itp"
Wassenaar2015_POPG,martini 2.0,POPG - PG(16:0/​18:1(9Z)),Gromacs,"POPG.gro,  POPG.itp"
López2013_POPI,martini 2.0,POPI - PI(16:0/​18:1(9Z)),Gromacs,"POPI.gro,  POPI.itp"
Ingólfsson2014_POPI,martini 2.0,POPI - PI(16:0/​18:1(9Z)),Gromacs,"POPI.gro,  POPI.itp"
López2013_PUPI,martini 2.0,"PUPI - PI(16:0/​22:6(4Z,7Z,10Z,13Z,16Z,19Z))",Gromacs,"PUPI.gro,  PUPI.itp"
Ingólfsson2014_PUPI,martini 2.0,"PUPI - PI(16:0/​22:6(4Z,7Z,10Z,13Z,16Z,19Z))",Gromacs,"PUPI.gro,  PUPI.itp"
López2013_PAPI,martini 2.0,"PAPI - PI(16:0/​20:4(5Z,8Z,11Z,14Z))",Gromacs,"PAPI.gro,  PAPI.itp"
López2013_PIPI,martini 2.0,"PIPI - PI(16:0/​18:2(9Z,12Z))",Gromacs,"PIPI.gro,  PIPI.itp"
López2013_POI1,martini 2.0,POI1 - PIP[3'](16:0/​18:1(9Z)),Gromacs,"POI1.gro,  POI1.itp"
Ingólfsson2014_POI1,martini 2.0,POI1 - PIP[3'](16:0/​18:1(9Z)),Gromacs,"POI1.gro,  POI1.itp"
Wassenaar2015_PIPA,martini 2.0,"PIPA - PA(16:0/​18:2(9Z,12Z))",Gromacs,"PIPA.gro,  PIPA.itp"
Wassenaar2015_PAPA,martini 2.0,"PAPA - PA(16:0/​20:4(5Z,8Z,11Z,14Z))",Gromacs,"PAPA.gro,  PAPA.itp"
Wassenaar2015_POPA,martini 2.0,POPA - PA(16:0/​18:1(9Z)),Gromacs,"POPA.gro,  POPA.itp"
Ingólfsson2014_POPA,martini 2.0,POPA - PA(16:0/​18:1(9Z)),Gromacs,"POPA.gro,  POPA.itp"
Wassenaar2015_PUPA,martini 2.0,"PUPA - PA(16:0/​22:6(4Z,7Z,10Z,13Z,16Z,19Z))",Gromacs,"PUPA.gro,  PUPA.itp"
Ingólfsson2014_PUPA,martini 2.0,"PUPA - PA(16:0/​22:6(4Z,7Z,10Z,13Z,16Z,19Z))",Gromacs,"PUPA.gro,  PUPA.itp"
Dahlberg2007_TOCL,martini 2.0,"TOCL - CL(1'-[18:1(9Z)/​18:1(9Z)],3'-[18:1(9Z)/​18:1(9Z)])",Gromacs,"TOCL.gro,  TOCL.itp"
Wassenaar2015_DPSM,martini 2.0,DPSM - SM(d16:1/​16:0),Gromacs,"DPSM.gro,  DPSM.itp"
Wassenaar2015_POSM,martini 2.0,POSM - SM(d16:1/​18:1),Gromacs,"POSM.gro,  POSM.itp"
Ingólfsson2014_POSM,martini 2.0,POSM - SM(d16:1/​18:1),Gromacs,"POSM.gro,  POSM.itp"
Wassenaar2015_PGSM,martini 2.0,PGSM - SM(d16:1/​20:1),Gromacs,"PGSM.gro,  PGSM.itp"
Ingólfsson2017_PBSM,martini 2.0,PBSM - SM(d16:1/​22:0),Gromacs,"PBSM.gro,  PBSM.itp"
Wassenaar2015_PNSM,martini 2.0,PNSM - SM(d16:1/​24:1),Gromacs,"PNSM.gro,  PNSM.itp"
Ingólfsson2017_PNSU,martini 2.0,PNSU - (3'-sulfo)Galbeta-Cer(d18:1/​24:1(15Z)),Gromacs,"PNSU.gro,  PNSU.itp"
Marrink2007b_CHOL,martini 2.0,CHOL - Cholesterol,Gromacs,"CHOL.gro,  CHOL.itp"
Melo2015_CHOL,martini 2.0,CHOL - Cholesterol,Gromacs,"CHOL.gro,  CHOL.itp"
Kulig2015_POPC,opls-aa Rog2016,POPC - PC(16:0/​18:1(9Z)),Gromacs,"POPC.gro,  POPC.itp"
Rog2015_OPPE,opls-aa Rog2016,OPPE - PE(18:1(9Z)/​16:0),Gromacs,"OPPE.gro,  OPPE.itp"
Rog2015_POPS,opls-aa Rog2016,POPS - PS(16:0/​18:1(9Z)),Gromacs,"POPS.gro,  POPS.itp"
Rog2015_SPSM,opls-aa Rog2016,SPSM - SM(d18:1/​16:0),Gromacs,"SPSM.gro,  SPSM.itp"
Rog2015_SXSM,opls-aa Rog2016,SXSM - SM(d18:1/​24:0),Gromacs,"SXSM.gro,  SXSM.itp"
Kulig2015_CHOL,opls-aa Rog2016,CHOL - Cholesterol,Gromacs,"CHOL.gro,  CHOL.itp"
Jambeck2012_POPC,slipids,POPC - PC(16:0/​18:1(9Z)),Gromacs,"POPC.gro,  POPC.itp"
Jambeck2012_DLPC,slipids,DLPC - PC(12:0/​12:0),Gromacs,"DLPC.gro,  DLPC.itp"
Jambeck2012_DMPC,slipids,DMPC - PC(14:0/​14:0),Gromacs,"DMPC.gro,  DMPC.itp"
Jambeck2012_DPPC,slipids,DPPC - PC(16:0/​16:0),Gromacs,"DPPC.gro,  DPPC.itp"
Jambeck2012_PIPC,slipids,"PIPC - PC(16:0/​18:2(9Z,12Z))",Gromacs,"PIPC.gro,  PIPC.itp"
Jambeck2012_SOPC,slipids,SOPC - PC(18:0/​18:1(9Z)),Gromacs,"SOPC.gro,  SOPC.itp"
Ermilova2016_SAPC,slipids,"SAPC - PC(18:0/​20:4(5Z,8Z,11Z,14Z))",Gromacs,"SAPC.gro,  SAPC.itp"
Ermilova2016_S8PC,slipids,"S8PC - PC(18:0/​22:5(4Z,7Z,10Z,13Z,16Z))",Gromacs,"S8PC.gro,  S8PC.itp"
Ermilova2016_SUPC,slipids,"SUPC - PC(18:0/​22:6(4Z,7Z,10Z,13Z,16Z,19Z))",Gromacs,"SUPC.gro,  SUPC.itp"
Jambeck2012_DOPC,slipids,DOPC - PC(18:1(9Z)/​18:1(9Z)),Gromacs,"DOPC.gro,  DOPC.itp"
Ermilova2016_DUPC,slipids,"DUPC - PC(22:6(4Z,7Z,10Z,13Z,16Z,19Z)/​22:6(4Z,7Z,10Z,13Z,16Z,19Z))",Gromacs,"DUPC.gro,  DUPC.itp"
Ermilova2016_SWPC,slipids,"SWPC - PC(18:0/​18:3(9Z,12Z,15Z))",Gromacs,"SWPC.gro,  SWPC.itp"
Ermilova2016_ENTW,slipids,"ENTW - PC(19:0/​20:5(5Z,8Z,11Z,14Z,17Z))",Gromacs,"ENTW.gro,  ENTW.itp"
Ermilova2016_PUPC,slipids,"PUPC - PC(16:0/​22:6(4Z,7Z,10Z,13Z,16Z,19Z))",Gromacs,"PUPC.gro,  PUPC.itp"
Jambeck2012_POPE,slipids,POPE - PE(16:0/​18:1(9Z)),Gromacs,"POPE.gro,  POPE.itp"
Jambeck2012_DPPE,slipids,DPPE - PE(16:0/​16:0),Gromacs,"DPPE.gro,  DPPE.itp"
Jambeck2012_DOPE,slipids,DOPE - PE(18:1(9Z)/​18:1(9Z)),Gromacs,"DOPE.gro,  DOPE.itp"
Jambeck2012_DLPE,slipids,DLPE - PE(12:0/​12:0),Gromacs,"DLPE.gro,  DLPE.itp"
Jambeck2012_DOPS,slipids,DOPS - PS(18:1(9Z)/​18:1(9Z)),Gromacs,"DOPS.gro,  DOPS.itp"
Jambeck2012_DMPG,slipids,DMPG - PG(14:0/​14:0),Gromacs,"DMPG.gro,  DMPG.itp"
Jambeck2012_DLPG,slipids,DLPG - PG(12:0/​12:0),Gromacs,"DLPG.gro,  DLPG.itp"
Jambeck2012_DSPG,slipids,DSPG - PG(18:0/​18:0),Gromacs,"DSPG.gro,  DSPG.itp"
Jambeck2012_DOPG,slipids,DOPG - PG(18:1(9Z)/​18:1(9Z)),Gromacs,"DOPG.gro,  DOPG.itp"
Jambeck2012_DPPG,slipids,DPPG - PG(16:0/​16:0),Gromacs,"DPPG.gro,  DPPG.itp"
Jambeck2012_POPG,slipids,POPG - PG(16:0/​18:1(9Z)),Gromacs,"POPG.gro,  POPG.itp"
Jambeck2012_DSSM,slipids,DSSM - SM(d18:1/​18:0),Gromacs,"DSSM.gro,  DSSM.itp"
Jambeck2012_SPSM,slipids,SPSM - SM(d18:1/​16:0),Gromacs,"SPSM.gro,  SPSM.itp"
Jambeck2012_CHOL,slipids,CHOL - Cholesterol,Gromacs,"CHOL.gro,  CHOL.itp"
